code,tot_pop,region,num_empty,sub,bus,num_park,type_new,prop_type_im1,prop_type_im2,prop_type_im3,prop_type_im4,prop_type_im5,prop_type_im6,prop_type_im7,prop_type_im8,prop_type_im9,prop_type_im10,prop_type_qual1,prop_type_qual2,prop_type_qual3,prop_type_qual4,prop_type_qual5,prop_type_qual6,prop_type_qual7,prop_type_qual8,prop_type_qual9,prop_type_qual10,prop_type_qual11,prop_type_qual12,prop_type_qual13,prop_type_qual14,prop_areaL21,prop_areaL29,prop_areaL36,prop_areaL39,prop_areaL46,prop_areaL59,prop_areaU59,M_fee_deposit,M_fee_rent,target
C1000,566,16,10,0,1,438,0,0,0,0,0,0,1,0,0,0,0,1,0,0,0,0,0,0,0,0,0,0,0,0,0,0,0,0,0.428571429,0.285714286,0.285714286,0,14404000,129640,481
C1004,521,15,3,0,2,153,1,0,0,0,0,0,0,0.105263158,0.894736842,0,0,0,0,0.105263158,0.894736842,0,0,0,0,0,0,0,0,0,0,0.526315789,0.052631579,0.157894737,0.157894737,0,0.052631579,0.052631579,1.90E+07,119860,93
C1004,521,15,3,0,2,153,1,0,0,0,0,0,0,0.105263158,0.894736842,0,0,0,0,0.105263158,0.894736842,0,0,0,0,0,0,0,0,0,0,0.526315789,0.052631579,0.157894737,0.157894737,0,0.052631579,0.052631579,1.90E+07,119860,93
C1005,1144,15,16,0,8,950,0,0,0,0,0,0,1,0,0,0,0,1,0,0,0,0,0,0,0,0,0,0,0,0,0,0,0,0,0,0,1,0,16348000,210900,376
C1013,1308,5,16,0,6,1119,0,0,0,0,0,0,1,0,0,0,0,1,0,0,0,0,0,0,0,0,0,0,0,0,0,0,0,0,0.2,0.6,0.2,0,24665000,135960,1665
C1014,996,13,5,0,2,823,0,0,0,0,0,0,1,0,0,0,0,1,0,0,0,0,0,0,0,0,0,0,0,0,0,0,0,0.142857143,0,0.428571429,0.428571429,0,21628000,150190,708
C1015,961,8,28,0,3,928,0,0,0,0,0,0,1,0,0,0,0,1,0,0,0,0,0,0,0,0,0,0,0,0,0,0,0,0,0.375,0.375,0.25,0,15583000,140810,579
C1017,1460,7,27,0,2,1534,0,0,0,0,0,0,1,0,0,0,0,1,0,0,0,0,0,0,0,0,0,0,0,0,0,0,0.333333333,0,0.333333333,0.333333333,0,0,15198000,227970,1246
C1022,389,2,4,0,4,352,0,0,0,0,0,0,1,0,0,0,0,1,0,0,0,0,0,0,0,0,0,0,0,0,0,0,0,0,0,1,0,0,24665000,221980,450
C1024,680,9,2,0,3,877,0,0,1,0,0,0,0,0,0,0,0,1,0,0,0,0,0,0,0,0,0,0,0,0,0,0,0,0,0,0,0.1,0.9,107156500,1002190,957
C1026,290,4,10,0,2,205,0,0,0,0,0,0,1,0,0,0,0,1,0,0,0,0,0,0,0,0,0,0,0,0,0,0,0,0,0,0,1,0,24147500,109280,422
C1027,452,3,21,0,5,461,0,0,0,0,0,0,1,0,0,0,0,1,0,0,0,0,0,0,0,0,0,0,0,0,0,0,0,0.2,0.2,0.6,0,0,26851000,306450,207
C1032,946,7,6,1,2,986,0,0,0,0,0,0,1,0,0,0,0,1,0,0,0,0,0,0,0,0,0,0,0,0,0,0,0,0,0.166666667,0.166666667,0.666666667,0,28714000,187260,316
C1039,790,9,13,0,3,673,0,0,0,0,0,0,0.545454545,0.181818182,0,0.272727273,0,0.818181818,0,0,0,0,0,0,0,0.181818182,0,0,0,0,0,0,0.181818182,0.090909091,0.272727273,0.181818182,0.272727273,0,21024000,192250,645
C1045,464,1,13,0,2,288,0,0,0,0,0,0,1,0,0,0,0,0,0,0,0,0,0,0,1,0,0,0,0,0,0,0,0.5,0,0.25,0.25,0,0,13700000,150000,266
C1046,232,1,9,0,4,195,0,0,0,0,0,0,1,0,0,0,0,1,0,0,0,0,0,0,0,0,0,0,0,0,0,0,0,0,0.666666667,0,0.333333333,0,13625000,161020,156
C1048,368,2,15,0,3,333,0,0,0,0,0,0,1,0,0,0,0,0,0,0,0,0,0,0,1,0,0,0,0,0,0,0,0.333333333,0,0.333333333,0.333333333,0,0,30928000,238380,243
C1049,676,5,18,0,3,658,0,0,0,0,0,0,1,0,0,0,0,1,0,0,0,0,0,0,0,0,0,0,0,0,0,0,0,0,0.4,0,0.6,0,31242000,175410,762
C1056,410,14,0,0,10,120,1,0,0,0,0,0,0,0.166666667,0.833333333,0,0,0,0,0.166666667,0.833333333,0,0,0,0,0,0,0,0,0,0,0,0.083333333,0.916666667,0,0,0,0,15203000,213360,125
C1057,521,4,24,0,4,521,0,0,0,0,0,0,1,0,0,0,0,1,0,0,0,0,0,0,0,0,0,0,0,0,0,0,0,0,0.25,0.25,0.5,0,20847500,176635,521
C1059,514,13,7,0,8,362,0,0,0,0,0,0,1,0,0,0,0,1,0,0,0,0,0,0,0,0,0,0,0,0,0,0,0,0,0.5,0.5,0,0,16954000,103410,246
C1065,938,4,37,0,3,1117,0,0,0,0,0,0,1,0,0,0,0,0,0,0,0,0,0,0,1,0,0,0,0,0,0,0,0.333333333,0.333333333,0,0.333333333,0,0,9719000,168640,1255
C1068,806,15,11,0,2,804,0,0,0,0,0,0,1,0,0,0,0,1,0,0,0,0,0,0,0,0,0,0,0,0,0,0,0,0,0.333333333,0.5,0.166666667,0,16853500,137320,510
C1077,861,3,21,0,5,612,0,0,0,0,0,0,1,0,0,0,0,1,0,0,0,0,0,0,0,0,0,0,0,0,0,0,0,0,0.333333333,0.333333333,0.333333333,0,19973000,147300,236
C1084,280,4,2,0,2,280,0,0,0,0,0,0,1,0,0,0,0,1,0,0,0,0,0,0,0,0,0,0,0,0,0,0,0,0,0.333333333,0.333333333,0.333333333,0,16104000,109840,226
C1085,525,2,4,0,2,422,0,0,0,0,0,0,1,0,0,0,0,1,0,0,0,0,0,0,0,0,0,0,0,0,0,0,0,0,0.5,0.5,0,0,15776000,133610,521
C1089,368,12,14,0,2,285,0,0,0,0,0,0,1,0,0,0,0,1,0,0,0,0,0,0,0,0,0,0,0,0,0,0,0,0,0.333333333,0.333333333,0.333333333,0,14264000,120690,309
C1095,1256,2,37,0,3,528,0,0,0,0,0,0,1,0,0,0,0,1,0,0,0,0,0,0,0,0,0,0,0,0,0,0,0.125,0,0.375,0.25,0.25,0,19401500,214780,505
C1102,522,1,21,0,7,525,0,0,0,0,0,0,1,0,0,0,0,1,0,0,0,0,0,0,0,0,0,0,0,0,0,0,0,0,0.333333333,0.333333333,0.333333333,0,17342000,208110,417
C1103,935,1,31,0,2,939,0,0,0,0,0,0,1,0,0,0,0,1,0,0,0,0,0,0,0,0,0,0,0,0,0,0,0.25,0,0.25,0.25,0.25,0,15591000,220430,787
C1109,1957,8,1,1,2,351,1,0,0,0,0,0,0,0.090909091,0.909090909,0,0,0,0,0.090909091,0.909090909,0,0,0,0,0,0,0,0,0,0,0.363636364,0.227272727,0.272727273,0.045454545,0,0.045454545,0.045454545,20209500,122545,313
C1122,808,6,7,2,2,728,0,0,0,0,0,0,1,0,0,0,0,1,0,0,0,0,0,0,0,0,0,0,0,0,0,0,0,0,0.428571429,0.571428571,0,0,24093000,164770,1077
C1129,1444,2,2,1,10,1275,0,0,1,0,0,0,0,0,0,0,0,1,0,0,0,0,0,0,0,0,0,0,0,0,0,0,0,0,0,0,1,0,54132000,520500,1668
C1131,901,5,10,0,7,668,0,0,0,0,0,0,1,0,0,0,0,1,0,0,0,0,0,0,0,0,0,0,0,0,0,0,0,0,0,0,1,0,20645000,187660,1019
C1133,856,13,10,0,3,777,0,0,0,0,0,0,1,0,0,0,0,1,0,0,0,0,0,0,0,0,0,0,0,0,0,0,0,0.166666667,0.333333333,0.333333333,0.166666667,0,22297000,130055,842
C1136,984,2,31,0,15,865,0,0,0,0,0,0,1,0,0,0,0,0.5,0,0,0,0.5,0,0,0,0,0,0,0,0,0,0,0.25,0,0.25,0.25,0.25,0,71409500,109420,763
C1141,630,3,28,0,2,637,0,0,0,0,0,0,1,0,0,0,0,1,0,0,0,0,0,0,0,0,0,0,0,0,0,0,0,0,0.333333333,0.333333333,0.333333333,0,13909000,98630,620
C1143,693,2,3,1,11,717,0,0,0,0,0,0,1,0,0,0,0,1,0,0,0,0,0,0,0,0,0,0,0,0,0,0,0,0,0.666666667,0.333333333,0,0,15250000,165200,632
C1155,375,7,9,1,10,454,0,0,0,0,0,0,1,0,0,0,0,1,0,0,0,0,0,0,0,0,0,0,0,0,0,0,0,0,0,0,1,0,33448000,192000,373
C1156,1004,16,47,0,3,700,0,0,0,0,0,0,0,0,0,0,1,0,0,0,0,0,0,0,0,0,0,1,0,0,0,0.25,0.5,0,0.25,0,0,0,67718000,35270,505
C1163,316,4,20,0,2,239,0,0,0,0,0,0,1,0,0,0,0,1,0,0,0,0,0,0,0,0,0,0,0,0,0,0,0.333333333,0,0.333333333,0.333333333,0,0,9506000,200830,326
C1171,624,7,13,0,5,634,0,0,0,0,0,0,1,0,0,0,0,1,0,0,0,0,0,0,0,0,0,0,0,0,0,0,0,0.083333333,0.25,0.5,0.166666667,0,35462000,189130,700
C1173,571,15,7,0,2,483,0,0,0,0,0,0,1,0,0,0,0,1,0,0,0,0,0,0,0,0,0,0,0,0,0,0,0,0,0.222222222,0.555555556,0.222222222,0,18726000,149810,609
C1175,468,15,15,0,2,477,0,0,0,0,0,0,1,0,0,0,0,1,0,0,0,0,0,0,0,0,0,0,0,0,0,0,0,0,0,0.333333333,0.666666667,0,26258000,160100,430
C1176,1486,16,55,0,3,1493,0,0,0,0,0,0,1,0,0,0,0,0,0,0,0,0,0,0,1,0,0,0,0,0,0,0,0.25,0,0.5,0.25,0,0,18140000,179270,619
C1177,1668,7,17,1,10,1756,0,0,0,0,0,0,1,0,0,0,0,1,0,0,0,0,0,0,0,0,0,0,0,0,0,0,0,0.1875,0.4375,0.1875,0.1875,0,24775000,172190,1044
C1180,314,13,15,0,1,241,0,0,0,0,0,0,1,0,0,0,0,1,0,0,0,0,0,0,0,0,0,0,0,0,0,0,0,0,0,0,1,0,16789000,93530,311
C1184,458,2,4,0,3,403,0,0,0,0,0,0,1,0,0,0,0,1,0,0,0,0,0,0,0,0,0,0,0,0,0,0,0,0,0.285714286,0.428571429,0.285714286,0,34810000,257660,488
C1194,511,14,3,0,4,413,0,0,0,0,0,0,1,0,0,0,0,1,0,0,0,0,0,0,0,0,0,0,0,0,0,0,0,0,0,0,1,0,18968000,209910,585
C1206,755,1,1,0,4,88,1,0,0,0,0,0,0,0.166666667,0.833333333,0,0,0,0,0.166666667,0.833333333,0,0,0,0,0,0,0,0,0,0,0,0.083333333,0.75,0,0,0,0.166666667,16236000,109200,90
C1207,100,5,10,0,6,54,0,0,0,0,0,0,0,0,0,0,1,0,0,0,0,0,0,0,0,0,1,0,0,0,0,0.666666667,0,0,0.333333333,0,0,0,22832000,117960,59
C1210,1088,6,39,0,4,773,0,0,0,0,0,0,0,0,0,0,1,0,0,0,0,0,0,0,0,0,1,0,0,0,0,0.6,0.2,0,0.2,0,0,0,20680000,112010,586
C1213,312,13,8,0,6,224,0,0,0,0,0,0,1,0,0,0,0,1,0,0,0,0,0,0,0,0,0,0,0,0,0,0,0,0,0.5,0.5,0,0,15847500,91730,148
C1218,1048,2,28,0,6,1140,0,0,0,0,0,0,0,0,0,0,1,0,0,0,0,0,0,0,0,0,1,0,0,0,0,0.333333333,0.333333333,0,0.333333333,0,0,0,64400000,257600,921
C1227,806,3,7,0,1,707,0,0,0,0,0,0,1,0,0,0,0,1,0,0,0,0,0,0,0,0,0,0,0,0,0,0,0.222222222,0,0.222222222,0.333333333,0.222222222,0,32443000,264350,823
C1234,307,1,1,0,2,219,0,0,0,0,0,0,1,0,0,0,0,1,0,0,0,0,0,0,0,0,0,0,0,0,0,0,0,0,0,0,1,0,23830000,153765,311
C1236,1124,2,29,0,2,1129,0,0,0,0,0,0,1,0,0,0,0,1,0,0,0,0,0,0,0,0,0,0,0,0,0,0,0,0,0.25,0.75,0,0,22173000,151110,657
C1244,1722,2,10,0,10,1483,0,0,0,0,0,0,1,0,0,0,0,1,0,0,0,0,0,0,0,0,0,0,0,0,0,0,0,0,0.307692308,0.461538462,0.230769231,0,43990000,304540,1804
C1258,840,3,0,0,3,658,0,0,0,0,0,0,0.666666667,0.333333333,0,0,0,0,0,0,0,0,0,0,0.666666667,0.333333333,0,0,0,0,0,0.333333333,0.333333333,0,0.166666667,0.166666667,0,0,9672000,128000,616
C1263,268,16,4,0,5,214,0,0,0,0,0,0,1,0,0,0,0,1,0,0,0,0,0,0,0,0,0,0,0,0,0,0,0.4,0,0.4,0.2,0,0,7204000,124720,217
C1268,1035,2,21,0,15,911,0,0,0,0,0,0,1,0,0,0,0,1,0,0,0,0,0,0,0,0,0,0,0,0,0,0,0,0,0.333333333,0.333333333,0.333333333,0,18175000,194720,934
C1269,561,2,1,0,3,572,0,0,0,0,0,0,1,0,0,0,0,1,0,0,0,0,0,0,0,0,0,0,0,0,0,0,0,0,0.25,0.5,0.25,0,19953000,193180,643
C1281,646,13,4,0,3,583,0,0,0,0,0,0,1,0,0,0,0,1,0,0,0,0,0,0,0,0,0,0,0,0,0,0,0,0.2,0.4,0.4,0,0,17342000,105280,484
C1284,528,3,0,0,5,543,0,0,1,0,0,0,0,0,0,0,0,1,0,0,0,0,0,0,0,0,0,0,0,0,0,0,0,0,0,0,1,0,32896000,185040,780
C1286,919,12,27,0,2,988,0,0,1,0,0,0,0,0,0,0,0,1,0,0,0,0,0,0,0,0,0,0,0,0,0,0,0,0,0,0,0,1,35700000,590000,881
C1301,340,6,19,0,4,320,0,0,0,0,0,0,1,0,0,0,0,1,0,0,0,0,0,0,0,0,0,0,0,0,0,0,0.666666667,0.333333333,0,0,0,0,10514000,145740,202
C1307,506,2,9,0,3,436,0,0,0,0,0,0,1,0,0,0,0,1,0,0,0,0,0,0,0,0,0,0,0,0,0,0,0,0,0.25,0.375,0.375,0,31834000,240930,504
C1309,383,12,15,0,4,385,0,0,0,0,0,0,1,0,0,0,0,1,0,0,0,0,0,0,0,0,0,0,0,0,0,0,0,0,0.142857143,0.571428571,0.285714286,0,18726000,100690,446
C1310,1037,1,17,0,6,936,0,0,0,0,0,0,1,0,0,0,0,1,0,0,0,0,0,0,0,0,0,0,0,0,0,0,0.111111111,0,0.333333333,0.222222222,0.333333333,0,23687000,204150,1084
C1312,518,15,12,0,3,527,0,0,0,0,0,0,1,0,0,0,0,1,0,0,0,0,0,0,0,0,0,0,0,0,0,0,0,0,0.5,0.5,0,0,18707000,126575,359
C1316,107,15,7,0,2,27,0,0,0,0,0,0,1,0,0,0,0,0.5,0,0,0,0.5,0,0,0,0,0,0,0,0,0,0,0,0.5,0,0,0.5,0,27043800,88350,22
C1319,496,3,16,0,1,428,0,0,0,0,0,0,1,0,0,0,0,1,0,0,0,0,0,0,0,0,0,0,0,0,0,0,0.166666667,0,0.333333333,0.166666667,0.333333333,0,13731000,122955,398
C1320,1696,3,35,0,4,1648,0,0,0,0,0,0,1,0,0,0,0,0,0,0,0,0,0,0,1,0,0,0,0,0,0,0,0.25,0.25,0,0.5,0,0,16785000,237000,924
C1326,1934,8,43,0,4,1670,0,0,0,0,0,0,1,0,0,0,0,0,0,0,0,0,0,0,1,0,0,0,0,0,0,0.4,0.2,0,0.2,0.2,0,0,23370000,204390,1153
C1328,992,2,36,0,15,871,0,0,0,0,0,0,1,0,0,0,0,0.454545455,0,0,0,0.545454545,0,0,0,0,0,0,0,0,0,0,0.090909091,0,0.363636364,0.363636364,0.181818182,0,123711000,75250,770
C1329,1002,8,30,0,2,775,0,0,0,0,0,0,1,0,0,0,0,1,0,0,0,0,0,0,0,0,0,0,0,0,0,0,0,0,0.375,0.375,0.25,0,19343000,144180,554
C1338,622,8,13,1,3,551,0,0,0,0,0,0,1,0,0,0,0,1,0,0,0,0,0,0,0,0,0,0,0,0,0,0,0,0,0,0.8,0.2,0,28856000,241560,551
C1340,552,13,21,0,3,523,0,0,0,0,0,0,1,0,0,0,0,1,0,0,0,0,0,0,0,0,0,0,0,0,0,0,0.4,0,0.4,0.2,0,0,9247000,180350,410
C1341,922,5,7,0,1,731,0,0,0,0,0,0,0.777777778,0.222222222,0,0,0,0.777777778,0,0,0,0,0,0,0,0.222222222,0,0,0,0,0,0.222222222,0,0,0.666666667,0.111111111,0,0,12947000,161290,442
C1343,600,2,8,1,4,528,0,0,0,0,0,0,1,0,0,0,0,1,0,0,0,0,0,0,0,0,0,0,0,0,0,0,0,0,0.333333333,0.333333333,0.333333333,0,24814000,222200,549
C1344,424,9,0,0,3,467,0,0,0.333333333,0,0,0.666666667,0,0,0,0,0,1,0,0,0,0,0,0,0,0,0,0,0,0,0,0,0,0,0,0,0.333333333,0.666666667,134035000,366015,509
C1350,1401,7,2,0,6,1636,0,0.538461538,0.230769231,0,0,0.230769231,0,0,0,0,0,0.461538462,0,0,0.538461538,0,0,0,0,0,0,0,0,0,0,0,0,0,0,0,0.461538462,0.538461538,28013000,211820,2315
C1350,1401,7,2,0,6,1636,0,0.538461538,0.230769231,0,0,0.230769231,0,0,0,0,0,0.461538462,0,0,0.538461538,0,0,0,0,0,0,0,0,0,0,0,0,0,0,0,0.461538462,0.538461538,28013000,211820,2315
C1357,908,8,27,0,1,1001,0,0,1,0,0,0,0,0,0,0,0,1,0,0,0,0,0,0,0,0,0,0,0,0,0,0,0,0,0,0,0,1,5.70E+07,550000,995
C1360,443,4,22,0,2,362,0,0,0,0,0,0,1,0,0,0,0,1,0,0,0,0,0,0,0,0,0,0,0,0,0,0,0,0.166666667,0,0.5,0.333333333,0,17281000,126720,375
C1363,2568,2,11,0,6,1798,0,0,0,0,0,0,0.785714286,0.214285714,0,0,0,0,0,0,0,0,0,0,0.785714286,0.214285714,0,0,0,0,0,0.071428571,0.5,0,0.214285714,0.214285714,0,0,19451000,175260,2550
C1365,875,2,5,0,2,903,0,0,0,0,0,0,1,0,0,0,0,0,0,0,0,0,0,0,1,0,0,0,0,0,0,0,0,0,0.2,0.1,0.7,0,53420500,340925,945
C1368,896,4,29,0,10,900,0,0,0,0,0,0,1,0,0,0,0,1,0,0,0,0,0,0,0,0,0,0,0,0,0,0,0,0,0.25,0.25,0.5,0,20847500,176635,861
C1375,757,3,21,0,12,761,0,0,0,0,0,0,1,0,0,0,0,1,0,0,0,0,0,0,0,0,0,0,0,0,0,0,0,0,0,0.571428571,0.428571429,0,22471000,137310,754
C1379,324,2,10,0,2,270,0,0,0,0,0,0,1,0,0,0,0,1,0,0,0,0,0,0,0,0,0,0,0,0,0,0,0,0,0.25,0.75,0,0,19819000,136250,294
C1386,1497,12,15,0,5,1100,0,0,0,0,0,0,1,0,0,0,0,1,0,0,0,0,0,0,0,0,0,0,0,0,0,0,0,0,0.538461538,0.461538462,0,0,12392000,73320,1145
C1394,466,13,0,0,1,329,0,0,0,0,0,0,1,0,0,0,0,1,0,0,0,0,0,0,0,0,0,0,0,0,0,0,0,0,0.5,0.5,0,0,12558000,93255,271
C1402,344,16,16,0,2,344,0,0,1,0,0,0,0,0,0,0,0,1,0,0,0,0,0,0,0,0,0,0,0,0,0,0,0,0,0,0,0.4,0.6,4.50E+07,480000,498
C1406,1647,7,13,0,2,1741,0,0,0,0,0,0,1,0,0,0,0,1,0,0,0,0,0,0,0,0,0,0,0,0,0,0,0,0.285714286,0.214285714,0.214285714,0.285714286,0,30969500,157925,1350
C1407,1216,7,13,1,1,1285,0,0,0,0,0,0,1,0,0,0,0,1,0,0,0,0,0,0,0,0,0,0,0,0,0,0,0,0.272727273,0,0.545454545,0.181818182,0,27637000,164610,1064
C1410,356,16,10,0,3,550,0,0,0,0,0,0,1,0,0,0,0,1,0,0,0,0,0,0,0,0,0,0,0,0,0,0,0,0,0.666666667,0,0.333333333,0,9154000,76260,815
C1424,625,7,2,0,7,517,0,0,0,1,0,0,0,0,0,0,0,1,0,0,0,0,0,0,0,0,0,0,0,0,0,0,0,0,0.333333333,0.666666667,0,0,20173000,225100,179
C1424,625,7,2,0,7,517,0,0,0,1,0,0,0,0,0,0,0,1,0,0,0,0,0,0,0,0,0,0,0,0,0,0,0,0,0.333333333,0.666666667,0,0,20173000,225100,179
C1426,374,4,2,0,2,321,0,0,0,0,0,0,1,0,0,0,0,1,0,0,0,0,0,0,0,0,0,0,0,0,0,0,0.2,0,0.6,0,0.2,0,9984000,144820,262
C1428,375,1,6,0,2,360,0,0,0,0,0,0,1,0,0,0,0,1,0,0,0,0,0,0,0,0,0,0,0,0,0,0,0,0,0.142857143,0.571428571,0.285714286,0,21221000,168520,333
C1430,1533,8,32,0,3,1296,0,0,0,0,0,0,1,0,0,0,0,1,0,0,0,0,0,0,0,0,0,0,0,0,0,0,0,0,0,0,1,0,31835000,185990,839
C1439,1755,8,29,1,3,270,1,0,0,0,0,0,0,0.0625,0.9375,0,0,0,0,0.0625,0.9375,0,0,0,0,0,0,0,0,0,0,0.458333333,0.166666667,0.25,0,0.0625,0,0.0625,18347500,143005,172
C1448,1116,5,25,0,2,1050,0,0,0,0,0,0,1,0,0,0,0,1,0,0,0,0,0,0,0,0,0,0,0,0,0,0,0,0,0,0.444444444,0.555555556,0,32208000,175900,1284
C1451,1618,2,38,0,3,1382,0,0,0,0,0,0,0.6,0.4,0,0,0,0,0,0,0,0.4,0,0,0.2,0.4,0,0,0,0,0,0.4,0.2,0.2,0,0.2,0,0,15992000,79970,1044
C1455,432,1,2,0,5,349,0,0,0,0,0,0,1,0,0,0,0,1,0,0,0,0,0,0,0,0,0,0,0,0,0,0,0.333333333,0,0.333333333,0.333333333,0,0,7527000,168810,420
C1465,861,16,26,0,4,812,0,0,0,0,0,0,1,0,0,0,0,1,0,0,0,0,0,0,0,0,0,0,0,0,0,0,0,0,0.5,0.5,0,0,20562500,155455,557
C1468,815,5,17,0,1,574,0,0,0,0,0,0,1,0,0,0,0,1,0,0,0,0,0,0,0,0,0,0,0,0,0,0,0,0,0.6,0.4,0,0,16852000,95960,810
C1470,696,13,14,0,2,645,0,0,0,0,0,0,1,0,0,0,0,1,0,0,0,0,0,0,0,0,0,0,0,0,0,0,0,0,0.5,0.25,0.25,0,16821500,117145,553
C1476,453,3,6,0,5,107,1,0,0,0,0,0,0,0.25,0.75,0,0,0,0,0.25,0.75,0,0,0,0,0,0,0,0,0,0,0,0.125,0.75,0,0,0,0.125,19486500,144500,70
C1487,550,2,15,0,8,448,0,0,0,0,0,0,1,0,0,0,0,1,0,0,0,0,0,0,0,0,0,0,0,0,0,0,0,0,0,0,1,0,25592500,141510,505
C1490,749,16,24,0,3,759,0,0,1,0,0,0,0,0,0,0,0,1,0,0,0,0,0,0,0,0,0,0,0,0,0,0,0,0,0,0,0,1,31342500,393750,899
C1492,390,2,15,0,2,334,0,0,0,0,0,0,1,0,0,0,0,1,0,0,0,0,0,0,0,0,0,0,0,0,0,0,0,0,0.428571429,0.571428571,0,0,13979000,78780,296
C1497,802,8,7,1,14,375,0,0,0,1,0,0,0,0,0,0,0,1,0,0,0,0,0,0,0,0,0,0,0,0,0,0,0,0,1,0,0,0,13253500,168575,382
C1502,407,11,7,0,5,552,0,0,0,0,0,0,1,0,0,0,0,1,0,0,0,0,0,0,0,0,0,0,0,0,0,0,0,0,0,1,0,0,19895000,160400,438
C1516,456,12,8,0,1,367,0,0,0,0,0,0,1,0,0,0,0,0,1,0,0,0,0,0,0,0,0,0,0,0,0,0,0,0,0.6,0.4,0,0,8050000,65630,475
C1519,420,14,0,0,0,393,0,0,0,0,0,0,1,0,0,0,0,1,0,0,0,0,0,0,0,0,0,0,0,0,0,0,0,0,0.5,0.5,0,0,15472000,94375,235
C1527,996,4,23,0,4,834,0,0,0,0,0,0,1,0,0,0,0,1,0,0,0,0,0,0,0,0,0,0,0,0,0,0,0,0,0,0.4,0.6,0,19204000,154270,1150
C1537,662,15,17,0,3,546,0,0,0,0,0,0,1,0,0,0,0,1,0,0,0,0,0,0,0,0,0,0,0,0,0,0,0,0,0,0,1,0,26642000,118820,669
C1544,442,6,10,0,2,533,0,0,1,0,0,0,0,0,0,0,0,1,0,0,0,0,0,0,0,0,0,0,0,0,0,0,0,0,0,0,0,1,5.30E+07,490000,713
C1565,1020,6,42,0,3,719,0,0,0,0,0,0,0,0,0,0,1,0,0,0,0,0,0,0,0,0,1,0,0,0,0,0.75,0,0,0.25,0,0,0,15740000,78700,588
C1566,462,12,13,0,6,387,0,0,0,0,0,0,1,0,0,0,0,1,0,0,0,0,0,0,0,0,0,0,0,0,0,0,0,0,0.5,0.333333333,0.166666667,0,15005000,105605,284
C1569,631,3,8,0,3,442,0,0,0,0,0,0,1,0,0,0,0,1,0,0,0,0,0,0,0,0,0,0,0,0,0,0,0,0,0.714285714,0.285714286,0,0,12571000,87980,528
C1572,937,3,32,0,3,770,0,0,0,0,0,0,1,0,0,0,0,0.666666667,0,0,0,0.333333333,0,0,0,0,0,0,0,0,0,0,0,0.333333333,0.333333333,0.166666667,0.166666667,0,12254000,93710,479
C1579,1005,2,12,0,2,882,0,0,0,0,0,0,1,0,0,0,0,1,0,0,0,0,0,0,0,0,0,0,0,0,0,0,0,0,0.333333333,0.333333333,0.333333333,0,34810000,257660,1158
C1584,1227,2,40,0,3,857,0,0,0,0,0,0,0,0,0,0,1,0,0,0,0,0,0,0,0,0,1,0,0,0,0,0.333333333,0.333333333,0,0.333333333,0,0,0,42680000,195000,507
C1585,705,6,12,1,3,502,0,0,0,0,0,0,1,0,0,0,0,1,0,0,0,0,0,0,0,0,0,0,0,0,0,0,0,0,0.5,0.5,0,0,21657500,181760,718
C1592,870,1,13,0,5,763,0,0,0,0,0,0,1,0,0,0,0,1,0,0,0,0,0,0,0,0,0,0,0,0,0,0,0,0.142857143,0.428571429,0.285714286,0.142857143,0,12387000,172190,739
C1601,330,2,13,0,4,335,0,0,0,0,0,0,1,0,0,0,0,1,0,0,0,0,0,0,0,0,0,0,0,0,0,0,0,0,0,0.666666667,0.333333333,0,22793000,155340,308
C1613,840,8,7,1,1,594,0,0,0,0,0,0,1,0,0,0,0,1,0,0,0,0,0,0,0,0,0,0,0,0,0,0,0,0,0,0,1,0,20345000,257630,498
C1616,1507,7,1,0,2,407,1,0,0,0,0,0,0,0.136363636,0.863636364,0,0,0,0,0.090909091,0.863636364,0.045454545,0,0,0,0,0,0,0,0,0,0,0.045454545,0.045454545,0.590909091,0.045454545,0.136363636,0.136363636,21750500,140550,98
C1616,1507,7,1,0,2,407,1,0,0,0,0,0,0,0.136363636,0.863636364,0,0,0,0,0.090909091,0.863636364,0.045454545,0,0,0,0,0,0,0,0,0,0,0.045454545,0.045454545,0.590909091,0.045454545,0.136363636,0.136363636,21750500,140550,98
C1620,1232,5,22,0,4,1181,0,0,0,0,0,0,1,0,0,0,0,1,0,0,0,0,0,0,0,0,0,0,0,0,0,0,0,0,0.4,0.6,0,0,25233000,141770,1101
C1636,632,2,7,0,15,750,0,0,1,0,0,0,0,0,0,0,0,1,0,0,0,0,0,0,0,0,0,0,0,0,0,0,0,0,0,0,0,1,79500000,630000,946
C1638,494,13,10,0,6,358,0,0,0,0,0,0,1,0,0,0,0,1,0,0,0,0,0,0,0,0,0,0,0,0,0,0,0,0,0,0.4,0.6,0,20122000,98640,413
C1641,283,3,8,0,1,227,0,0,0,0,0,0,1,0,0,0,0,1,0,0,0,0,0,0,0,0,0,0,0,0,0,0,0,0,0.25,0.25,0.5,0,12980000,114225,268
C1642,270,12,14,0,6,222,0,0,0,0,0,0,1,0,0,0,0,1,0,0,0,0,0,0,0,0,0,0,0,0,0,0,0,0,0.285714286,0.714285714,0,0,17477000,107200,297
C1652,890,9,20,1,8,423,0,0,0,0,0,0,0,0,0,0,1,0,0,0,0,0,0,0,0,0,1,0,0,0,0,0.083333333,0.5,0,0.333333333,0.083333333,0,0,69600000,232000,509
C1655,498,1,23,0,6,402,0,0,0,0,0,0,1,0,0,0,0,1,0,0,0,0,0,0,0,0,0,0,0,0,0,0,0,0,0.25,0.5,0.25,0,19973000,132320,236
C1656,531,12,7,0,2,480,0,0,0,0,0,0,1,0,0,0,0,1,0,0,0,0,0,0,0,0,0,0,0,0,0,0,0,0,0.375,0.5,0.125,0,16102000,113950,257
C1659,902,5,32,0,2,635,0,0,0,0,0,0,0,0,0,0,1,0,0,0,0,0,0,0,0,0,0,0,0,0.230769231,0.769230769,0.153846154,0.461538462,0,0.230769231,0.153846154,0,0,23370000,132430,416
C1660,718,3,13,0,3,550,0,0,0,0,0,0,1,0,0,0,0,1,0,0,0,0,0,0,0,0,0,0,0,0,0,0,0,0,0.375,0.375,0.25,0,14213000,94750,512
C1663,642,7,3,1,5,567,0,0,0,0,0,0,1,0,0,0,0,1,0,0,0,0,0,0,0,0,0,0,0,0,0,0,0,0,0,0,1,0,17362000,231540,700
C1666,708,12,20,0,4,638,0,0,0,0,0,0,1,0,0,0,0,1,0,0,0,0,0,0,0,0,0,0,0,0,0,0,0,0,0.333333333,0.444444444,0.222222222,0,17989000,124030,465
C1668,493,12,7,0,4,421,0,0,0,0,0,0,1,0,0,0,0,1,0,0,0,0,0,0,0,0,0,0,0,0,0,0,0,0,0.571428571,0.285714286,0.142857143,0,9611000,75690,288
C1672,1350,8,15,0,1,1043,0,0,0,0,0,0,1,0,0,0,0,1,0,0,0,0,0,0,0,0,0,0,0,0,0,0,0,0,0,0,1,0,18717500,229825,873
C1673,640,16,22,0,1,549,0,0,0,0,0,0,1,0,0,0,0,1,0,0,0,0,0,0,0,0,0,0,0,0,0,0,0.4,0,0.2,0.4,0,0,9461000,160210,526
C1674,318,12,4,0,1,262,0,0,0,0,0,0,1,0,0,0,0,1,0,0,0,0,0,0,0,0,0,0,0,0,0,0,0,0,0.5,0.5,0,0,13592500,108740,322
C1677,1144,2,9,0,4,1039,0,0,0,0,0,0,1,0,0,0,0,0,0,0,0,0,0,0,1,0,0,0,0,0,0,0,0.181818182,0,0.272727273,0.272727273,0.272727273,0,36242000,301540,1101
C1681,534,2,9,0,7,465,0,0,0,0,0,0,1,0,0,0,0,1,0,0,0,0,0,0,0,0,0,0,0,0,0,0,0,0,0.25,0.375,0.375,0,34810000,257660,520
C1685,295,16,28,0,1,167,0,0,0,0,0,0,0,0,0,0,1,0,0,0,0,0,0,0,0,0,0,0.555555556,0.444444444,0,0,0,0.555555556,0.111111111,0,0.333333333,0,0,40572000,21120,164
C1687,773,2,26,0,3,779,0,0,0,0,0,0,1,0,0,0,0,1,0,0,0,0,0,0,0,0,0,0,0,0,0,0,0,0,0.272727273,0.727272727,0,0,22173000,151110,349
C1689,1117,2,4,1,3,985,0,0,0,0,0,0,1,0,0,0,0,1,0,0,0,0,0,0,0,0,0,0,0,0,0,0,0.1,0,0.2,0.5,0.2,0,42909000,291970,960
C1693,853,7,20,0,6,862,0,0,0,0,0,0,1,0,0,0,0,1,0,0,0,0,0,0,0,0,0,0,0,0,0,0,0,0,0,0.25,0.75,0,31210000,187260,1087
C1695,203,12,12,0,4,109,0,0,0,0,0,0,0,0,0,0,1,0,0,0,0,0,0,0,0,0,1,0,0,0,0,0.2,0.6,0,0.2,0,0,0,22440000,132770,123
C1697,526,2,4,0,3,727,0,0,1,0,0,0,0,0,0,0,0,1,0,0,0,0,0,0,0,0,0,0,0,0,0,0,0,0,0,0,0,1,6.90E+07,375000,854
C1698,460,3,1,0,3,155,1,0,0,0,0,0,0,0.5,0.5,0,0,0,0,0.5,0.5,0,0,0,0,0,0,0,0,0,0,0,0,0.5,0.5,0,0,0,12864000,162030,65
C1699,752,2,7,0,7,680,0,0,0,0,0,0,1,0,0,0,0,1,0,0,0,0,0,0,0,0,0,0,0,0,0,0,0,0,0.142857143,0.428571429,0.428571429,0,37163000,295120,606
C1700,922,6,39,0,2,804,0,0,1,0,0,0,0,0,0,0,0,1,0,0,0,0,0,0,0,0,0,0,0,0,0,0,0,0,0,0,1,0,3.00E+07,430000,979
C1704,639,7,34,0,7,162,1,0,0,0,0,0,0,0.117647059,0.882352941,0,0,0,0,0.117647059,0.882352941,0,0,0,0,0,0,0,0,0,0,0,0,0.823529412,0.117647059,0,0,0.058823529,17477000,152480,131
C1704,639,7,34,0,7,162,1,0,0,0,0,0,0,0.117647059,0.882352941,0,0,0,0,0.117647059,0.882352941,0,0,0,0,0,0,0,0,0,0,0,0,0.823529412,0.117647059,0,0,0.058823529,17477000,152480,131
C1706,467,2,7,1,5,403,0,0,0,0,0,0,1,0,0,0,0,1,0,0,0,0,0,0,0,0,0,0,0,0,0,0,0,0,0.4,0,0.6,0,29086000,249130,362
C1713,656,3,2,0,1,527,0,0,0,0,0,0,1,0,0,0,0,1,0,0,0,0,0,0,0,0,0,0,0,0,0,0,0,0,0.666666667,0.166666667,0.166666667,0,10923000,117270,566
C1718,753,11,23,0,2,682,0,0,0,0,0,0,1,0,0,0,0,1,0,0,0,0,0,0,0,0,0,0,0,0,0,0,0,0,0,0.5,0.5,0,27465500,218475,496
C1722,809,1,1,0,6,264,1,0,0,0.272727273,0,0,0,0.181818182,0.545454545,0,0,0.272727273,0,0.181818182,0.545454545,0,0,0,0,0,0,0,0,0,0,0,0.090909091,0.545454545,0.090909091,0.181818182,0,0.090909091,18140000,189240,649
C1724,1256,3,1,0,6,878,0,0,0,0,0,0,0.1,0.1,0,0,0.8,0,0,0,0,0,0,0,0.1,0.1,0,0,0.8,0,0,0.5,0.2,0.1,0.2,0,0,0,20840000,112500,701
C1732,266,5,17,0,3,188,0,0,0,0,0,0,0,0,0,0,1,0,0,0,0,0,0,0,0,0,0,0,1,0,0,0.666666667,0.166666667,0,0,0.166666667,0,0,19026000,99880,267
C1738,715,3,13,0,3,582,0,0,0,0,0,0,1,0,0,0,0,1,0,0,0,0,0,0,0,0,0,0,0,0,0,0,0,0,0.5,0.25,0.25,0,16288000,124800,682
C1740,783,4,29,0,6,978,0,0,1,0,0,0,0,0,0,0,0,1,0,0,0,0,0,0,0,0,0,0,0,0,0,0,0,0,0,0,0.5,0.5,33400000,483000,979
C1743,791,6,16,1,1,944,0,0,1,0,0,0,0,0,0,0,0,1,0,0,0,0,0,0,0,0,0,0,0,0,0,0,0,0,0,0,0,1,3.30E+07,495000,1653
C1744,822,2,13,0,2,827,0,0,0,0,0,0,1,0,0,0,0,1,0,0,0,0,0,0,0,0,0,0,0,0,0,0,0,0,0,0,1,0,28214000,194210,979
C1756,404,11,1,0,3,486,0,0,1,0,0,0,0,0,0,0,0,1,0,0,0,0,0,0,0,0,0,0,0,0,0,0,0,0,0,0,0,1,5.50E+07,620000,609
C1757,794,8,13,2,4,676,0,0,0,0,0,0,1,0,0,0,0,1,0,0,0,0,0,0,0,0,0,0,0,0,0,0,0,0.25,0.25,0.5,0,0,32114500,277425,508
C1761,602,1,18,0,2,715,0,0,0,0,0,0,1,0,0,0,0,1,0,0,0,0,0,0,0,0,0,0,0,0,0,0,0,0,0.166666667,0.5,0.333333333,0,19661000,212840,730
C1762,462,13,4,0,2,325,0,0,0,0,0,0,1,0,0,0,0,1,0,0,0,0,0,0,0,0,0,0,0,0,0,0,0,0,0,0,1,0,18726000,104840,460
C1768,508,16,4,0,1,370,0,0,0,0,0,0,1,0,0,0,0,1,0,0,0,0,0,0,0,0,0,0,0,0,0,0,0,0,0,0,1,0,15728500,149175,670
C1773,840,2,15,0,4,772,0,0,0,0,0,0,1,0,0,0,0,1,0,0,0,0,0,0,0,0,0,0,0,0,0,0,0.111111111,0,0.222222222,0.444444444,0.222222222,0,41505000,326760,614
C1775,711,14,5,0,8,131,1,0,0,0,0,0,0,0.117647059,0.882352941,0,0,0,0,0.117647059,0.882352941,0,0,0,0,0,0,0,0,0,0,0,0.058823529,0.882352941,0,0,0,0.058823529,18175000,113950,96
C1783,594,6,16,1,6,596,0,0,0,0,0,0,1,0,0,0,0,1,0,0,0,0,0,0,0,0,0,0,0,0,0,0,0,0,0.2,0.6,0.2,0,23496000,160960,570
C1786,480,1,25,0,3,338,0,0,0,0,0,0,0,0,0,0,1,0,0,0,0,0,0,0,0,0,0.2,0.8,0,0,0,0.2,0.6,0,0.2,0,0,0,30560000,196950,345
C1788,376,3,28,0,3,380,0,0,1,0,0,0,0,0,0,0,0,1,0,0,0,0,0,0,0,0,0,0,0,0,0,0,0,0,0,0,1,0,32500000,365000,412
C1790,657,3,2,0,4,166,1,0,0,0,0,0,0,0.090909091,0.909090909,0,0,0,0,0.090909091,0.909090909,0,0,0,0,0,0,0,0,0,0,0.303030303,0.515151515,0.060606061,0,0.03030303,0.03030303,0.060606061,19572000,154830,120
C1802,1438,10,3,0,2,1500,0,0,1,0,0,0,0,0,0,0,0,1,0,0,0,0,0,0,0,0,0,0,0,0,0,0,0,0,0,0,1,0,4.30E+07,470000,1983
C1803,100,11,13,0,2,57,0,0,0,0,0,0,0,0,0,0,1,0,0,0,0,0,0,0,0,0,1,0,0,0,0,0.1,0.5,0,0.4,0,0,0,34400000,163680,78
C1804,478,2,3,0,3,629,0,0,1,0,0,0,0,0,0,0,0,1,0,0,0,0,0,0,0,0,0,0,0,0,0,0,0,0,0,0,0,1,90237000,597820,951
C1819,330,12,15,0,1,253,0,0,0,0,0,0,1,0,0,0,0,1,0,0,0,0,0,0,0,0,0,0,0,0,0,0,0,0,0,0,1,0,16213000,110960,272
C1823,553,16,14,0,3,584,0,0,0,0,0,0,1,0,0,0,0,1,0,0,0,0,0,0,0,0,0,0,0,0,0,0,0,0,0.333333333,0.666666667,0,0,25224000,183450,652
C1833,1364,14,19,0,5,1505,0,0,0,0,0,0,1,0,0,0,0,1,0,0,0,0,0,0,0,0,0,0,0,0,0,0,0,0.285714286,0.285714286,0.285714286,0.142857143,0,15620000,123750,1001
C1834,326,1,4,0,1,268,0,0,0,0,0,0,1,0,0,0,0,1,0,0,0,0,0,0,0,0,0,0,0,0,0,0,0,0,0.333333333,0.333333333,0.333333333,0,16129000,174190,255
C1837,467,3,21,0,4,366,0,0,0,0,0,0,1,0,0,0,0,1,0,0,0,0,0,0,0,0,0,0,0,0,0,0,0,0.333333333,0,0.333333333,0.333333333,0,18075000,144590,398
C1845,306,1,0,0,3,248,0,0,0,0,0,0,1,0,0,0,0,1,0,0,0,0,0,0,0,0,0,0,0,0,0,0,0,0,0.25,0.5,0.25,0,26005000,244670,277
C1848,532,5,9,0,3,660,0,0,1,0,0,0,0,0,0,0,0,1,0,0,0,0,0,0,0,0,0,0,0,0,0,0,0,0,0,0,1,0,41253000,510510,625
C1850,388,3,0,0,4,226,0,0,0,1,0,0,0,0,0,0,0,1,0,0,0,0,0,0,0,0,0,0,0,0,0,0,0,0,0.333333333,0.666666667,0,0,14418000,244420,254
C1859,2424,7,1,1,4,487,1,0,0,0,0,0,0,0.125,0.875,0,0,0,0,0.125,0.875,0,0,0,0,0,0,0,0,0,0,0,0.075,0.375,0.325,0,0.15,0.075,15490500,161640,116
C1861,690,13,16,0,3,652,0,0,0,0,0,0,1,0,0,0,0,1,0,0,0,0,0,0,0,0,0,0,0,0,0,0,0.5,0,0,0.25,0.25,0,12460000,166685,613
C1863,1099,16,24,0,4,1154,0,0,0,0,0,0,1,0,0,0,0,1,0,0,0,0,0,0,0,0,0,0,0,0,0,0,0.125,0,0.375,0.5,0,0,20493000,165865,733
C1866,338,3,1,0,3,235,0,0,0,0,0,0,1,0,0,0,0,1,0,0,0,0,0,0,0,0,0,0,0,0,0,0,0,0,0.5,0.5,0,0,11421000,102215,135
C1867,678,3,26,0,2,579,0,0,0,0,0,0,1,0,0,0,0,1,0,0,0,0,0,0,0,0,0,0,0,0,0,0,0,0,0.666666667,0.166666667,0.166666667,0,9972000,100920,374
C1871,550,12,15,0,4,385,0,0,0,0,0,0,1,0,0,0,0,1,0,0,0,0,0,0,0,0,0,0,0,0,0,0,0,0,0.5,0.5,0,0,12972000,78885,408
C1874,619,15,2,0,2,97,1,0,0,0,0,0,0,0.1,0.9,0,0,0,0,0.1,0.9,0,0,0,0,0,0,0,0,0,0,0.233333333,0.466666667,0.1,0,0.1,0.1,0,17628000,129255,62
C1874,619,15,2,0,2,97,1,0,0,0,0,0,0,0.1,0.9,0,0,0,0,0.1,0.9,0,0,0,0,0,0,0,0,0,0,0.233333333,0.466666667,0.1,0,0.1,0.1,0,17628000,129255,62
C1875,1003,15,5,0,8,192,1,0,0,0,0,0,0,0.136363636,0.863636364,0,0,0,0,0.136363636,0.863636364,0,0,0,0,0,0,0,0,0,0,0.545454545,0.181818182,0.136363636,0.045454545,0,0.045454545,0.045454545,21915000,132470,209
C1875,1003,15,5,0,8,192,1,0,0,0,0,0,0,0.136363636,0.863636364,0,0,0,0,0.136363636,0.863636364,0,0,0,0,0,0,0,0,0,0,0.545454545,0.181818182,0.136363636,0.045454545,0,0.045454545,0.045454545,21915000,132470,209
C1879,711,5,12,0,2,573,0,0,0,0,0,0,1,0,0,0,0,1,0,0,0,0,0,0,0,0,0,0,0,0,0,0,0,0,0,0.6,0.4,0,19819000,110850,713
C1880,635,3,15,0,15,508,0,0,0,0,0,0,1,0,0,0,0,1,0,0,0,0,0,0,0,0,0,0,0,0,0,0,0,0,0,0,1,0,22628000,131980,761
C1885,830,12,14,0,4,802,0,0,0,0,0,0,1,0,0,0,0,1,0,0,0,0,0,0,0,0,0,0,0,0,0,0,0,0,0.625,0.375,0,0,14418000,100920,616
C1889,1018,2,14,0,2,788,0,0,0,0,0,0,1,0,0,0,0,1,0,0,0,0,0,0,0,0,0,0,0,0,0,0,0,0,0.25,0.25,0.5,0,16652000,113375,808
C1894,307,2,13,0,4,212,0,0,0,0,0,0,0,0,0,0,1,0,0,0,0,0,0,0,0,0,1,0,0,0,0,0.625,0,0.25,0.125,0,0,0,26316000,105260,419
C1896,712,2,3,0,2,658,0,0,0,0,0,0,1,0,0,0,0,1,0,0,0,0,0,0,0,0,0,0,0,0,0,0,0,0,0.333333333,0.5,0.166666667,0,24665000,221980,845
C1898,566,13,9,0,6,517,0,0,0,0,0,0,1,0,0,0,0,1,0,0,0,0,0,0,0,0,0,0,0,0,0,0,0,0,0.5,0.333333333,0.166666667,0,16821500,117145,415
C1899,451,3,0,0,4,109,1,0,0,0,0,0,0,0.333333333,0.666666667,0,0,0,0,0.333333333,0.666666667,0,0,0,0,0,0,0,0,0,0,0,0.166666667,0.833333333,0,0,0,0,23200000,148065,31
C1900,586,13,2,0,2,472,0,0,0,0,0,0,1,0,0,0,0,1,0,0,0,0,0,0,0,0,0,0,0,0,0,0,0,0,0.375,0.375,0.25,0,17477000,106090,596
C1907,212,14,7,0,3,163,0,0,0,0,0,0,1,0,0,0,0,1,0,0,0,0,0,0,0,0,0,0,0,0,0,0,0,0,0.5,0.5,0,0,12386000,103725,207
C1910,616,13,21,0,2,350,0,0,0,0,0,0,0,0,0,0,1,0,0,0,0,0,0,0,0,0,1,0,0,0,0,0.2,0.5,0,0.3,0,0,0,19720000,118320,396
C1911,890,8,21,1,2,985,0,0,0,0,0,0,1,0,0,0,0,1,0,0,0,0,0,0,0,0,0,0,0,0,0,0,0,0,0,0,1,0,28491000,235360,831
C1916,816,2,2,1,4,822,0,0,0,0,0,0,1,0,0,0,0,1,0,0,0,0,0,0,0,0,0,0,0,0,0,0,0,0,0.25,0.5,0.25,0,20971000,202070,752
C1925,601,1,9,0,4,117,1,0,0,0,0,0,0,0.333333333,0.666666667,0,0,0,0,0.333333333,0.666666667,0,0,0,0,0,0,0,0,0,0,0,0.166666667,0.666666667,0,0,0,0.166666667,15083500,161605,75
C1929,492,15,19,0,4,426,0,0,0,0,0,0,1,0,0,0,0,1,0,0,0,0,0,0,0,0,0,0,0,0,0,0,0,0,0.166666667,0.5,0.333333333,0,17962000,148630,413
C1933,1022,5,8,0,3,1202,0,0,1,0,0,0,0,0,0,0,0,1,0,0,0,0,0,0,0,0,0,0,0,0,0,0,0,0,0,0,0,1,3.50E+07,520000,1730
C1936,240,5,8,0,10,168,0,0,0,0,0,0,1,0,0,0,0,1,0,0,0,0,0,0,0,0,0,0,0,0,0,0,0,0,0,0,1,0,32443000,192250,234
C1939,2334,2,13,0,3,1713,0,0,0,0,0,0,1,0,0,0,0,0,0,0,0,0,0,0,1,0,0,0,0,0,0,0,0.444444444,0,0.444444444,0.111111111,0,0,34967000,211320,1896
C1940,615,2,16,0,2,527,0,0,0,0,0,0,1,0,0,0,0,1,0,0,0,0,0,0,0,0,0,0,0,0,0,0,0,0,0.166666667,0.666666667,0.166666667,0,31711000,215550,709
C1941,404,3,19,0,3,490,0,0,1,0,0,0,0,0,0,0,0,1,0,0,0,0,0,0,0,0,0,0,0,0,0,0,0,0,0,0,0,1,47288000,627080,600
C1945,755,2,6,1,3,734,0,0,0,0,0,0,1,0,0,0,0,0,1,0,0,0,0,0,0,0,0,0,0,0,0,0,0,0,0.333333333,0,0.666666667,0,23139000,193230,730
C1962,416,1,9,0,3,296,0,0,0,0,0,0,1,0,0,0,0,1,0,0,0,0,0,0,0,0,0,0,0,0,0,0,0,0,0,0,1,0,20970000,200800,401
C1965,498,16,13,0,5,480,0,0,0,0,0,0,1,0,0,0,0,1,0,0,0,0,0,0,0,0,0,0,0,0,0,0,0,0,0.4,0.4,0.2,0,17342000,131290,500
C1967,581,2,6,0,3,530,0,0,0,0,0,0,1,0,0,0,0,1,0,0,0,0,0,0,0,0,0,0,0,0,0,0,0,0,0.25,0.75,0,0,17395000,201730,639
C1968,514,1,0,0,3,309,0,0,0,0,0,0,0.8,0.2,0,0,0,0.8,0,0,0,0,0,0,0,0.2,0,0,0,0,0,0.2,0.4,0,0.2,0.2,0,0,8377000,110000,220
C1969,1366,6,29,0,2,1192,0,0,0,0,0,0,0.666666667,0.333333333,0,0,0,0.666666667,0,0.333333333,0,0,0,0,0,0,0,0,0,0,0,0,0.5,0,0.333333333,0.166666667,0,0,11333000,149740,886
C1970,214,5,16,0,6,108,0,0,0,0,0,0,0,0,0,0,1,0,0,0,0,0,0,0,0,0,1,0,0,0,0,0.2,0.6,0,0.2,0,0,0,25504000,131770,159
C1973,384,5,15,0,3,384,0,0,0,0,0,0,1,0,0,0,0,1,0,0,0,0,0,0,0,0,0,0,0,0,0,0,0,0,0.666666667,0,0.333333333,0,19819000,110110,457
C1979,270,2,17,0,4,183,0,0,0,0,0,0,0,0,0,0,1,0,0,0,0,0,0,0,0,0,0,0,1,0,0,0.111111111,0.444444444,0,0.444444444,0,0,0,37419000,164480,133
C1983,903,15,3,0,4,200,1,0,0,0.2,0,0,0,0.133333333,0.666666667,0,0,0.2,0,0.133333333,0.666666667,0,0,0,0,0,0,0,0,0,0,0,0.066666667,0.733333333,0.066666667,0,0,0.133333333,18040000,145290,253
C1983,903,15,3,0,4,200,1,0,0,0.2,0,0,0,0.133333333,0.666666667,0,0,0.2,0,0.133333333,0.666666667,0,0,0,0,0,0,0,0,0,0,0,0.066666667,0.733333333,0.066666667,0,0,0.133333333,18040000,145290,253
C1985,874,12,28,0,4,722,0,0,0,0,0,0,1,0,0,0,0,1,0,0,0,0,0,0,0,0,0,0,0,0,0,0,0,0,0.5,0.25,0.25,0,13655500,194620,630
C1987,291,8,26,3,4,257,0,0,0,0,0,0,1,0,0,0,0,1,0,0,0,0,0,0,0,0,0,0,0,0,0,0,0,0,0,0.666666667,0.333333333,0,44387000,368980,166
C1988,475,12,12,0,2,722,0,0,0,0,0,0,1,0,0,0,0,1,0,0,0,0,0,0,0,0,0,0,0,0,0,0,0,0,0.5,0.5,0,0,13665000,95895,402
C1994,431,3,3,0,1,319,0,0,0,0,0,0,1,0,0,0,0,1,0,0,0,0,0,0,0,0,0,0,0,0,0,0,0,0,0,0.5,0.5,0,16263500,105705,496
C2000,1300,3,21,0,2,1082,0,0,0,0,0,0,1,0,0,0,0,1,0,0,0,0,0,0,0,0,0,0,0,0,0,0,0,0,0.428571429,0.428571429,0.142857143,0,19225000,169420,795
C2001,540,2,10,0,8,500,0,0,0,0,0,0,1,0,0,0,0,0,0,0,0,0,0,0,1,0,0,0,0,0,0,0,0.4,0.4,0,0.2,0,0,11430000,149000,417
C2008,781,2,7,2,5,663,0,0,0,0,0,0,1,0,0,0,0,1,0,0,0,0,0,0,0,0,0,0,0,0,0,0,0,0,0.4,0.3,0.3,0,23473000,238740,548
C2010,861,5,15,0,3,608,0,0,0,0,0,0,1,0,0,0,0,1,0,0,0,0,0,0,0,0,0,0,0,0,0,0,0,0,0.6,0.4,0,0,16140000,85760,690
C2013,595,3,3,0,3,509,0,0,0,0,0,0,1,0,0,0,0,1,0,0,0,0,0,0,0,0,0,0,0,0,0,0,0,0,0.666666667,0.333333333,0,0,13930000,37360,91
C2016,261,16,15,0,2,198,0,0,0,0,0,0,1,0,0,0,0,1,0,0,0,0,0,0,0,0,0,0,0,0,0,0,0,0,0.5,0.5,0,0,12234000,103875,220
C2020,40,8,7,1,2,25,0,0,0,0,0,0,0,0,0,0,1,0,0,0,0,0,0,0,0,0,0,0,1,0,0,0.333333333,0.333333333,0,0.333333333,0,0,0,2.80E+07,135330,19
C2021,851,2,7,0,3,771,0,0,0,0,0,0,1,0,0,0,0,1,0,0,0,0,0,0,0,0,0,0,0,0,0,0,0,0,0.083333333,0.666666667,0.25,0,15729000,188260,902
C2032,944,3,23,0,1,958,0,0,0,0,0,0,1,0,0,0,0,1,0,0,0,0,0,0,0,0,0,0,0,0,0,0,0,0,0,0,1,0,31210000,187260,1162
C2034,1486,8,2,1,3,405,1,0,0,0,0,0,0,0.103448276,0.896551724,0,0,0,0,0.103448276,0.896551724,0,0,0,0,0,0,0,0,0,0,0.344827586,0.137931034,0.379310345,0.034482759,0,0.034482759,0.068965517,16520000,133780,132
C2035,492,1,24,0,1,521,0,0,0,0,0,0,1,0,0,0,0,1,0,0,0,0,0,0,0,0,0,0,0,0,0,0,0.4,0,0.4,0.2,0,0,15500000,180000,246
C2036,256,1,2,0,1,199,0,0,0,0,0,0,1,0,0,0,0,1,0,0,0,0,0,0,0,0,0,0,0,0,0,0,0,0,0,0.75,0.25,0,17477000,106090,258
C2038,785,7,7,1,10,150,1,0,0,0,0,0,0,0.15,0.85,0,0,0,0,0.15,0.85,0,0,0,0,0,0,0,0,0,0,0.5,0.1,0.2,0.05,0.05,0.05,0.05,15816000,153910,108
C2040,198,16,11,0,2,200,0,0,1,0,0,0,0,0,0,0,0,1,0,0,0,0,0,0,0,0,0,0,0,0,0,0,0,0,0,0,0,1,5.30E+07,520000,336
C2042,712,6,13,2,7,641,0,0,0,0,0,0,1,0,0,0,0,1,0,0,0,0,0,0,0,0,0,0,0,0,0,0,0,0,0.2,0.8,0,0,24093000,164770,757
C2046,1129,2,10,0,4,1137,0,0,0,0,0,0,1,0,0,0,0,1,0,0,0,0,0,0,0,0,0,0,0,0,0,0,0,0,0,0.5,0.5,0,23970000,200055,1306
C2049,688,1,0,0,5,631,0,0,0,0,0,0,1,0,0,0,0,1,0,0,0,0,0,0,0,0,0,0,0,0,0,0,0,0,0,0,1,0,15407000,88400,841
C2051,1164,10,0,0,3,755,0,0,1,0,0,0,0,0,0,0,0,1,0,0,0,0,0,0,0,0,0,0,0,0,0,0,0,0,0,0,0.173913043,0.826086957,6.10E+07,585000,780
C2055,773,16,22,0,4,817,0,0,0,0,0,0,1,0,0,0,0,1,0,0,0,0,0,0,0,0,0,0,0,0,0,0,0,0,0.333333333,0.333333333,0.333333333,0,24350000,170980,723
C2059,26,2,1,1,3,13,0,0,0,0,0,0,0,0,0,0,1,0,0,0,0,0,0,0,0,0,0,0,1,0,0,0.666666667,0,0,0.333333333,0,0,0,27961000,116000,13
C2066,757,6,22,0,2,660,0,0,0,0,0,0,1,0,0,0,0,0,1,0,0,0,0,0,0,0,0,0,0,0,0,0,0,0,0.5,0.5,0,0,17651000,142450,503
C2068,434,1,3,0,1,384,0,0,0,0,0,0,1,0,0,0,0,1,0,0,0,0,0,0,0,0,0,0,0,0,0,0,0,0,0,0,1,0,20523500,244050,594
C2070,898,2,6,0,3,909,0,0,0,0,0,0,1,0,0,0,0,1,0,0,0,0,0,0,0,0,0,0,0,0,0,0,0,0,0.2,0.4,0.4,0,21420000,206410,735
C2071,1479,2,21,0,3,1488,0,0,0,0,0,0,1,0,0,0,0,1,0,0,0,0,0,0,0,0,0,0,0,0,0,0,0,0,0.222222222,0.555555556,0.222222222,0,21555000,179620,1398
C2073,361,1,13,0,5,288,0,0,0,0,0,0,1,0,0,0,0,1,0,0,0,0,0,0,0,0,0,0,0,0,0,0,0,0,0.333333333,0.5,0.166666667,0,16821000,205460,301
C2082,970,2,19,0,2,845,0,0,0,0,0,0,1,0,0,0,0,1,0,0,0,0,0,0,0,0,0,0,0,0,0,0,0.166666667,0,0.166666667,0.5,0.166666667,0,48844000,332510,822
C2086,1080,10,7,0,2,1142,0,0,1,0,0,0,0,0,0,0,0,1,0,0,0,0,0,0,0,0,0,0,0,0,0,0,0,0,0,0,0.555555556,0.444444444,3.90E+07,460000,1524
C2089,962,3,27,0,1,873,0,0,0,0,0,0,1,0,0,0,0,1,0,0,0,0,0,0,0,0,0,0,0,0,0,0,0,0,0.5,0.166666667,0.333333333,0,16722000,130060,572
C2094,410,3,16,0,15,402,0,0,0,0,0,0,1,0,0,0,0,1,0,0,0,0,0,0,0,0,0,0,0,0,0,0,0,0,0.571428571,0.428571429,0,0,14742000,107060,318
C2096,492,5,11,0,2,347,0,0,0,0,0,0,1,0,0,0,0,1,0,0,0,0,0,0,0,0,0,0,0,0,0,0,0,0,0.714285714,0.285714286,0,0,13022000,81540,525
C2097,998,4,29,0,2,1240,0,0,0,0,0,0,1,0,0,0,0,0.714285714,0,0,0,0.285714286,0,0,0,0,0,0,0,0,0,0,0,0.142857143,0.428571429,0.285714286,0.142857143,0,16737000,110790,995
C2099,332,1,3,0,2,258,0,0,0,0,0,0,1,0,0,0,0,1,0,0,0,0,0,0,0,0,0,0,0,0,0,0,0,0,0.2,0.6,0.2,0,12483000,102350,383
C2100,880,7,4,0,5,736,0,0,0,0,0,0,1,0,0,0,0,1,0,0,0,0,0,0,0,0,0,0,0,0,0,0,0,0,0,0,1,0,25096000,100365,671
C2100,880,7,4,0,5,736,0,0,0,0,0,0,1,0,0,0,0,1,0,0,0,0,0,0,0,0,0,0,0,0,0,0,0,0,0,0,1,0,25096000,100365,671
C2106,504,16,18,0,2,434,0,0,0,0,0,0,1,0,0,0,0,1,0,0,0,0,0,0,0,0,0,0,0,0,0,0,0,0.2,0.4,0.4,0,0,11533000,102130,353
C2109,495,3,2,0,4,117,1,0,0,0,0,0,0,0.117647059,0.882352941,0,0,0,0,0.117647059,0.882352941,0,0,0,0,0,0,0,0,0,0,0,0.058823529,0.882352941,0,0,0,0.058823529,23131000,178510,60
C2127,700,3,21,0,2,592,0,0,0,0,0,0,1,0,0,0,0,1,0,0,0,0,0,0,0,0,0,0,0,0,0,0,0,0,0.333333333,0.5,0.166666667,0,20802000,174930,403
C2132,2428,8,1,0,1,756,1,0,0,0,0,0,0,0.085106383,0.914893617,0,0,0,0,0.021276596,0.914893617,0,0.063829787,0,0,0,0,0,0,0,0,0.234042553,0.127659574,0.170212766,0.276595745,0.021276596,0.106382979,0.063829787,14418000,121070,359
C2133,355,5,10,0,3,330,0,0,0,0,0,0,1,0,0,0,0,1,0,0,0,0,0,0,0,0,0,0,0,0,0,0,0,0,0.333333333,0.333333333,0.333333333,0,26217000,142310,328
C2135,1116,8,10,1,3,262,1,0,0,0,0,0,0,0.15,0.85,0,0,0,0,0.15,0.85,0,0,0,0,0,0,0,0,0,0,0.5,0.2,0.15,0.05,0,0.05,0.05,18892500,146845,127
C2137,960,4,30,0,8,876,0,0,0,0,0,0,1,0,0,0,0,0.666666667,0,0,0,0.333333333,0,0,0,0,0,0,0,0,0,0,0.333333333,0,0.333333333,0.333333333,0,0,9450000,154350,752
C2139,311,3,11,0,4,232,0,0,0,0,0,0,1,0,0,0,0,0,0,0,0,0,0,0,1,0,0,0,0,0,0,0,0.333333333,0.333333333,0,0.333333333,0,0,9061000,147000,155
C2141,504,3,2,0,6,445,0,0,0,0,0,0,1,0,0,0,0,1,0,0,0,0,0,0,0,0,0,0,0,0,0,0,0,0,0.25,0.75,0,0,27872000,216780,495
C2142,954,11,41,0,5,772,0,0,0,0,0,0,1,0,0,0,0,0,0,0,0,0,0,0,1,0,0,0,0,0,0,0,0.5,0,0.25,0.25,0,0,13645000,171500,396
C2143,363,1,2,0,2,434,0,0,1,0,0,0,0,0,0,0,0,1,0,0,0,0,0,0,0,0,0,0,0,0,0,0,0,0,0,0,0,1,41377000,547410,719
C2153,362,12,20,0,3,345,0,0,0,0,0,0,1,0,0,0,0,0,0,0,0,0,0,0,1,0,0,0,0,0,0,0,0.5,0,0.25,0.25,0,0,10808500,162855,280
C2154,178,1,2,0,1,131,0,0,0,0,0,0,1,0,0,0,0,1,0,0,0,0,0,0,0,0,0,0,0,0,0,0,0.5,0,0.25,0.25,0,0,10450000,150000,124
C2156,306,15,0,0,1,246,0,0,0,0,0,0,1,0,0,0,0,1,0,0,0,0,0,0,0,0,0,0,0,0,0,0,0,0,0.666666667,0,0.333333333,0,11147000,90410,204
C2162,374,13,7,0,1,281,0,0,0,0,0,0,1,0,0,0,0,1,0,0,0,0,0,0,0,0,0,0,0,0,0,0,0,0,0,0,1,0,18425000,102350,347
C2173,775,2,4,1,2,665,0,0,0,0,0,0,1,0,0,0,0,1,0,0,0,0,0,0,0,0,0,0,0,0,0,0,0,0,0.25,0.5,0.25,0,40880000,277480,745
C2181,872,16,15,0,6,733,0,0,0,0,0,0,1,0,0,0,0,1,0,0,0,0,0,0,0,0,0,0,0,0,0,0,0,0,0.333333333,0.333333333,0.333333333,0,14863000,133780,683
C2186,924,6,0,0,8,664,0,0,0,0,0,0,0.666666667,0.333333333,0,0,0,0,0,0.333333333,0,0,0,0,0.666666667,0,0,0,0,0,0,0,0.666666667,0,0.166666667,0.166666667,0,0,15307500,106030,744
C2188,136,2,3,0,2,136,0,0,0,0,0,0,1,0,0,0,0,1,0,0,0,0,0,0,0,0,0,0,0,0,0,0,0,0,1,0,0,0,19221000,175780,125
C2190,1013,3,7,0,2,178,1,0,0,0,0,0,0,0.19047619,0.80952381,0,0,0,0,0.19047619,0.80952381,0,0,0,0,0,0,0,0,0,0,0.476190476,0.285714286,0.095238095,0.047619048,0.095238095,0,0,14418000,131290,129
C2192,514,16,16,0,2,442,0,0,0,0,0,0,1,0,0,0,0,1,0,0,0,0,0,0,0,0,0,0,0,0,0,0,0,0.2,0.4,0.4,0,0,11147000,100320,324
C2202,623,1,0,0,2,222,0,0,0,1,0,0,0,0,0,0,0,1,0,0,0,0,0,0,0,0,0,0,0,0,0,0,0,0,0.333333333,0.666666667,0,0,10244000,152280,226
C2208,882,2,16,0,2,755,0,0,0,0,0,0,1,0,0,0,0,1,0,0,0,0,0,0,0,0,0,0,0,0,0,0,0,0,0.25,0.5,0.25,0,31958000,217210,840
C2211,304,12,4,0,1,230,0,0,0,0,0,0,1,0,0,0,0,1,0,0,0,0,0,0,0,0,0,0,0,0,0,0,0,0,0.666666667,0.333333333,0,0,8778000,85580,244
C2212,697,1,0,0,4,128,1,0,0,0,0,0,0,0.214285714,0.785714286,0,0,0,0,0.214285714,0.785714286,0,0,0,0,0,0,0,0,0,0,0,0.071428571,0.571428571,0,0,0,0.357142857,14569000,131425,86
C2216,390,15,2,0,1,97,0,0,0,1,0,0,0,0,0,0,0,1,0,0,0,0,0,0,0,0,0,0,0,0,0,0,0,0,1,0,0,0,9447000,132910,149
C2221,590,14,1,0,3,376,0,0,0,1,0,0,0,0,0,0,0,1,0,0,0,0,0,0,0,0,0,0,0,0,0,0,0,0,0,1,0,0,15406500,246675,359
C2225,1206,3,49,0,3,842,0,0,0,0,0,0,0,0,0,0,1,0,0,0,0,0,0,0,0,0,0,1,0,0,0,0.333333333,0.333333333,0,0.333333333,0,0,0,51961000,27060,448
C2227,477,2,9,0,8,413,0,0,0,0,0,0,1,0,0,0,0,1,0,0,0,0,0,0,0,0,0,0,0,0,0,0,0,0,0.285714286,0.428571429,0.285714286,0,31711000,215550,505
C2232,355,5,13,0,3,354,0,0,0,0,0,0,1,0,0,0,0,1,0,0,0,0,0,0,0,0,0,0,0,0,0,0,0,0,0.5,0.25,0.25,0,22297000,121945,248
C2237,70,15,7,0,2,50,0,0,0,0,0,0,1,0,0,0,0,1,0,0,0,0,0,0,0,0,0,0,0,0,0,0,0,0,0.666666667,0.333333333,0,0,8564000,58460,55
C2245,212,3,22,0,1,114,0,0,0,0,0,0,0,0,0,0,1,0,0,0,0,0,0,0,0,0,0,1,0,0,0,0.285714286,0.428571429,0,0.285714286,0,0,0,50657000,26380,98
C2251,886,2,16,0,3,809,0,0,0,0,0,0,1,0,0,0,0,0,0,0,0,0,0,0,1,0,0,0,0,0,0,0,0.090909091,0,0.181818182,0.545454545,0.181818182,0,36036000,283920,870
C2255,560,15,2,0,2,400,0,0,0,0,0,0,0.666666667,0.333333333,0,0,0,0.666666667,0,0,0,0.166666667,0,0,0,0.166666667,0,0,0,0,0,0.166666667,0.5,0,0.166666667,0.166666667,0,0,9755500,85710,410
C2256,409,3,7,0,1,316,0,0,0,0,0,0,1,0,0,0,0,1,0,0,0,0,0,0,0,0,0,0,0,0,0,0,0.2,0,0.2,0.2,0.4,0,15590000,136710,344
C2258,965,7,13,0,3,287,1,0,0,0,0,0,0,0.15,0.85,0,0,0,0,0.15,0.85,0,0,0,0,0,0,0,0,0,0,0.5,0.1,0.2,0.05,0.05,0.05,0.05,18535500,157650,78
C2258,965,7,13,0,3,287,1,0,0,0,0,0,0,0.15,0.85,0,0,0,0,0.15,0.85,0,0,0,0,0,0,0,0,0,0,0.5,0.1,0.2,0.05,0.05,0.05,0.05,18535500,157650,78
C2259,947,2,5,0,2,1306,0,0,1,0,0,0,0,0,0,0,0,1,0,0,0,0,0,0,0,0,0,0,0,0,0,0,0,0,0,0,0,1,6.90E+07,375000,1378
C2262,720,11,30,0,4,581,0,0,0,0,0,0,1,0,0,0,0,1,0,0,0,0,0,0,0,0,0,0,0,0,0,0,0,0,0.375,0.375,0.25,0,24775000,185810,540
C2274,1122,16,34,0,3,1182,0,0,0,0,0,0,1,0,0,0,0,1,0,0,0,0,0,0,0,0,0,0,0,0,0,0,0.285714286,0,0.428571429,0.285714286,0,0,15046000,141680,713
C2276,1072,7,18,0,4,894,0,0,0,0,0,0,1,0,0,0,0,1,0,0,0,0,0,0,0,0,0,0,0,0,0,0,0,0,0,0,1,0,17704000,165640,1159
C2287,409,16,18,0,3,330,0,0,0,0,0,0,1,0,0,0,0,1,0,0,0,0,0,0,0,0,0,0,0,0,0,0,0,0,0.285714286,0.428571429,0.285714286,0,13759000,113560,284
C2289,1527,8,2,0,3,240,1,0,0,0,0,0,0,0.166666667,0.833333333,0,0,0,0,0.166666667,0.833333333,0,0,0,0,0,0,0,0,0,0,0,0.083333333,0.083333333,0.541666667,0,0.208333333,0.083333333,16550000,135585,364
C2298,581,7,21,0,3,408,0,0,0,0,0,0,0,0,0,0,1,0,0,0,0,0,0,0,0,0,1,0,0,0,0,0.2,0.4,0,0.4,0,0,0,24520000,118000,444
C2308,285,1,3,0,1,200,0,0,0,0,0,0,1,0,0,0,0,1,0,0,0,0,0,0,0,0,0,0,0,0,0,0,0,0,0,0,1,0,12646000,187150,244
C2310,1988,8,1,0,2,217,1,0,0,0,0,0,0,0.130434783,0.869565217,0,0,0,0,0.130434783,0.869565217,0,0,0,0,0,0,0,0,0,0,0,0.086956522,0.043478261,0.565217391,0,0.217391304,0.086956522,19787000,138280,189
C2314,600,7,13,0,2,360,0,0,0,0,0,0,0.571428571,0.428571429,0,0,0,0.571428571,0,0,0,0,0,0,0,0.428571429,0,0,0,0,0,0.285714286,0.142857143,0.285714286,0.142857143,0.142857143,0,0,12089000,153020,343
C2316,1126,6,36,0,4,983,0,0,0,0,0,0,1,0,0,0,0,1,0,0,0,0,0,0,0,0,0,0,0,0,0,0,0.5,0,0.25,0.25,0,0,8762500,166665,712
C2319,606,7,1,1,12,548,0,0,0,0,0,0,1,0,0,0,0,1,0,0,0,0,0,0,0,0,0,0,0,0,0,0,0,0,0,0,1,0,17414000,236590,266
C2325,378,13,3,0,1,265,0,0,0,0,0,0,1,0,0,0,0,1,0,0,0,0,0,0,0,0,0,0,0,0,0,0,0,0,0.2,0.4,0.4,0,15360000,85460,293
C2326,632,16,15,0,4,478,0,0,0,0,0,0,1,0,0,0,0,1,0,0,0,0,0,0,0,0,0,0,0,0,0,0,0,0,0.8,0.2,0,0,13216000,114140,557
C2328,1077,16,4,0,2,1239,0,0,1,0,0,0,0,0,0,0,0,1,0,0,0,0,0,0,0,0,0,0,0,0,0,0,0,0,0,0,1,0,4.40E+07,390000,1374
C2329,1028,6,24,0,5,973,0,0,0,0,0,0,1,0,0,0,0,1,0,0,0,0,0,0,0,0,0,0,0,0,0,0,0.25,0,0.25,0.25,0.25,0,20870000,276345,821
C2336,458,4,13,0,2,399,0,0,0,0,0,0,1,0,0,0,0,1,0,0,0,0,0,0,0,0,0,0,0,0,0,0,0,0,0.428571429,0.428571429,0.142857143,0,19787000,134300,562
C2340,512,9,15,0,3,362,0,0,0,1,0,0,0,0,0,0,0,1,0,0,0,0,0,0,0,0,0,0,0,0,0,0,0,0,1,0,0,0,32454000,281700,382
C2346,558,16,12,0,3,449,0,0,0,0,0,0,1,0,0,0,0,1,0,0,0,0,0,0,0,0,0,0,0,0,0,0,0,0,0,0.4,0.6,0,16168000,141080,553
C2351,542,2,6,0,4,542,0,0,1,0,0,0,0,0,0,0,0,1,0,0,0,0,0,0,0,0,0,0,0,0,0,0,0,0,0,0,1,0,4.00E+07,390000,646
C2352,1065,9,7,0,4,879,0,0,0,0,0,0,0.7,0.3,0,0,0,0.7,0,0,0,0,0,0,0,0.3,0,0,0,0,0,0.1,0.2,0,0.3,0.4,0,0,21015000,262700,793
C2357,533,8,25,1,2,484,0,0,0,0,0,0,1,0,0,0,0,0.666666667,0,0,0,0.166666667,0,0.166666667,0,0,0,0,0,0,0,0,0,0.166666667,0.333333333,0.333333333,0.166666667,0,32287500,309750,345
C2358,1260,3,24,0,8,941,0,0,0,0,0,0,1,0,0,0,0,1,0,0,0,0,0,0,0,0,0,0,0,0,0,0,0,0,0.5,0.5,0,0,20121000,127200,1010
C2359,820,12,9,0,3,629,0,0,0,0,0,0,0.6,0.4,0,0,0,0,0,0,0,0,0,0,0.6,0.4,0,0,0,0,0,0.4,0.2,0.2,0,0.2,0,0,7126000,90460,693
C2361,1174,2,9,0,4,1026,0,0,0,0,0,0,1,0,0,0,0,0.545454545,0,0,0,0,0,0,0.454545455,0,0,0,0,0,0,0,0,0,0.272727273,0.454545455,0.272727273,0,37454000,259660,1117
C2362,1509,2,46,0,2,1055,0,0,0,0,0,0,0,0,0,0,1,0,0,0,0,0,0,0,0,0,1,0,0,0,0,0.357142857,0.428571429,0,0.214285714,0,0,0,23520000,99000,196
C2368,775,12,10,0,4,738,0,0,0,0,0,0,1,0,0,0,0,1,0,0,0,0,0,0,0,0,0,0,0,0,0,0,0,0,0.875,0,0.125,0,14418000,100920,548
C2371,474,4,20,0,1,374,0,0,0,0,0,0,1,0,0,0,0,1,0,0,0,0,0,0,0,0,0,0,0,0,0,0,0,0,0.375,0.375,0.25,0,17302000,108130,451
C2373,850,14,9,0,5,948,0,0,0,0,0,0,1,0,0,0,0,1,0,0,0,0,0,0,0,0,0,0,0,0,0,0,0,0,0.5,0.333333333,0.166666667,0,20269000,217735,800
C2377,1105,3,22,0,3,1110,0,0,0,0,0,0,1,0,0,0,0,1,0,0,0,0,0,0,0,0,0,0,0,0,0,0,0,0.166666667,0.166666667,0.333333333,0.333333333,0,26673000,305370,579
C2378,818,2,25,0,12,640,0,0,0,0,0,0,1,0,0,0,0,1,0,0,0,0,0,0,0,0,0,0,0,0,0,0,0,0,0,0,1,0,19384500,247590,901
C2383,762,2,14,0,3,661,0,0,0,0,0,0,1,0,0,0,0,1,0,0,0,0,0,0,0,0,0,0,0,0,0,0,0,0,0.222222222,0.333333333,0.444444444,0,34810000,257660,832
C2385,445,2,4,0,4,404,0,0,0,0,0,0,1,0,0,0,0,1,0,0,0,0,0,0,0,0,0,0,0,0,0,0,0,0,0,0.5,0.5,0,27996000,191380,552
C2389,690,16,21,0,3,694,0,0,0,0,0,0,1,0,0,0,0,1,0,0,0,0,0,0,0,0,0,0,0,0,0,0,0,0.333333333,0,0.333333333,0.333333333,0,13335000,120230,561
C2390,386,2,4,0,4,299,0,0,0,0,0,0,1,0,0,0,0,1,0,0,0,0,0,0,0,0,0,0,0,0,0,0,0,0,0,0,1,0,32146500,269150,422
C2393,1546,2,1,1,2,1176,0,0,0,0,0,0,0.615384615,0.384615385,0,0,0,0.307692308,0,0,0,0,0,0,0.307692308,0.384615385,0,0,0,0,0,0,0.230769231,0.153846154,0.307692308,0.307692308,0,0,18225000,215050,922
C2394,277,15,20,0,2,222,0,0,0,0,0,0,1,0,0,0,0,0.375,0,0,0,0.625,0,0,0,0,0,0,0,0,0,0,0,0,0.375,0.375,0.25,0,65856600,42300,254
C2401,213,1,21,0,3,164,0,0,0,0,0,0,1,0,0,0,0,0.666666667,0,0,0,0.333333333,0,0,0,0,0,0,0,0,0,0,0,0,0.333333333,0.333333333,0.333333333,0,25964000,72660,19
C2405,600,3,22,0,8,728,0,0,1,0,0,0,0,0,0,0,0,1,0,0,0,0,0,0,0,0,0,0,0,0,0,0,0,0,0,0,0,1,36113000,603480,1240
C2412,571,12,10,0,2,492,0,0,0,0,0,0,1,0,0,0,0,1,0,0,0,0,0,0,0,0,0,0,0,0,0,0,0,0,0.4,0.4,0.2,0,22895000,138570,487
C2414,924,16,13,0,4,986,0,0,1,0,0,0,0,0,0,0,0,1,0,0,0,0,0,0,0,0,0,0,0,0,0,0,0,0,0,0,1,0,30709000,270660,1200
C2416,560,3,0,0,5,154,1,0,0,0,0,0,0,0.2,0.8,0,0,0,0,0.2,0.8,0,0,0,0,0,0,0,0,0,0,0.1,0.2,0.2,0.1,0.2,0.1,0.1,18203500,143200,63
C2420,457,6,3,1,8,537,0,0,0,0,0,0,1,0,0,0,0,1,0,0,0,0,0,0,0,0,0,0,0,0,0,0,0,0,0.285714286,0.285714286,0.428571429,0,25468000,174770,505
C2433,511,2,19,0,2,389,0,0,0,0,0,0,0,0,0,0,1,0,0,0,0,0,0,0,0,0,1,0,0,0,0,0.4,0.4,0,0.2,0,0,0,27640000,119000,130
C2437,90,16,12,0,1,30,0,0,0,0,0,0,0,1,0,0,0,0,0,1,0,0,0,0,0,0,0,0,0,0,0,1,0,0,0,0,0,0,10346000,107530,16
C2445,800,16,16,0,4,671,0,0,0,0,0,0,1,0,0,0,0,1,0,0,0,0,0,0,0,0,0,0,0,0,0,0,0,0,0.333333333,0.333333333,0.333333333,0,15620000,141770,334
C2446,2200,2,32,0,5,1570,0,0,0,0,0,0,0,0,0,0,1,0,0,0,0,0,0,0,0,0,0,0,0,0,1,0.333333333,0.166666667,0,0.25,0.25,0,0,46550000,193955,1204
C2450,483,2,8,0,5,437,0,0,0,0,0,0,1,0,0,0,0,0,0,0,0,0,0,0,1,0,0,0,0,0,0,0,0,0,0.166666667,0.5,0.333333333,0,39349000,312610,451
C2453,659,2,7,2,3,573,0,0,0,0,0,0,0.571428571,0.428571429,0,0,0,0,0,0,0,0,0,0,0.571428571,0.428571429,0,0,0,0,0,0.428571429,0.285714286,0,0.142857143,0.142857143,0,0,18488000,170720,559
C2458,853,5,28,0,3,853,0,0,0,0,0,0,1,0,0,0,0,0.428571429,0,0,0,0.571428571,0,0,0,0,0,0,0,0,0,0,0,0,0,0.571428571,0.428571429,0,78080000,40670,910
C2460,1017,2,17,0,3,879,0,0,0,0,0,0,1,0,0,0,0,0.666666667,0,0,0,0,0,0,0.333333333,0,0,0,0,0,0,0,0.166666667,0,0.166666667,0.5,0.166666667,0,45747000,312060,793
C2470,636,7,1,1,2,772,0,0,0,0,1,0,0,0,0,0,0,1,0,0,0,0,0,0,0,0,0,0,0,0,0,0,0,0,0.333333333,0.333333333,0.333333333,0,2.60E+07,380000,887
C2479,679,2,13,0,2,615,0,0,0,0,0,0,1,0,0,0,0,1,0,0,0,0,0,0,0,0,0,0,0,0,0,0,0,0,0.285714286,0.428571429,0.285714286,0,36095000,298900,647
C2481,693,11,2,0,2,486,0,0,0,0,0,0,1,0,0,0,0,1,0,0,0,0,0,0,0,0,0,0,0,0,0,0,0,0,0.333333333,0.666666667,0,0,13221000,101390,302
C2483,900,4,38,0,3,1425,0,0,0,0,0,0,1,0,0,0,0,1,0,0,0,0,0,0,0,0,0,0,0,0,0,0,0,0,0.25,0,0.75,0,27304000,184330,1015
C2486,589,3,2,0,4,515,0,0,0,0,0,0,1,0,0,0,0,1,0,0,0,0,0,0,0,0,0,0,0,0,0,0,0.2,0,0.3,0.3,0.2,0,23430500,231300,587
C2488,1215,5,28,0,4,1105,0,0,0,0,0,0,1,0,0,0,0,0.375,0,0,0,0.625,0,0,0,0,0,0,0,0,0,0,0,0,0.375,0.625,0,0,83286000,43380,1023
C2489,1128,8,36,0,4,951,0,0,0,0,0,0,1,0,0,0,0,1,0,0,0,0,0,0,0,0,0,0,0,0,0,0,0,0,0,0.333333333,0.666666667,0,23733000,285500,950
C2490,302,6,4,0,2,217,0,0,0,0,0,0,1,0,0,0,0,1,0,0,0,0,0,0,0,0,0,0,0,0,0,0,0,0,0,0,1,0,24639000,216870,340
C2492,594,4,23,0,5,480,0,0,0,0,0,0,1,0,0,0,0,1,0,0,0,0,0,0,0,0,0,0,0,0,0,0,0,0,0.4,0,0.6,0,18101000,127320,585
C2496,818,13,0,0,3,995,0,0,1,0,0,0,0,0,0,0,0,1,0,0,0,0,0,0,0,0,0,0,0,0,0,0,0,0,0,0,0,1,6.90E+07,590000,1400
C2503,382,14,7,0,2,306,0,0,0,0,0,0,1,0,0,0,0,1,0,0,0,0,0,0,0,0,0,0,0,0,0,0,0,0,0.5,0.5,0,0,15249500,123895,327
C2505,200,4,2,0,2,153,0,0,0,0,0,0,1,0,0,0,0,1,0,0,0,0,0,0,0,0,0,0,0,0,0,0,0,0,0.6,0.4,0,0,8598000,74510,163
C2506,1124,6,14,0,3,1201,0,0,1,0,0,0,0,0,0,0,0,1,0,0,0,0,0,0,0,0,0,0,0,0,0,0,0,0,0,0.176470588,0.411764706,0.411764706,4.30E+07,450000,1433
C2507,1454,2,4,0,4,880,0,0,0,0,0,0,0.722222222,0.277777778,0,0,0,0.833333333,0,0,0,0,0,0,0,0.166666667,0,0,0,0,0,0.055555556,0.388888889,0,0.222222222,0.277777778,0.055555556,0,16343000,206110,763
C2508,847,13,13,0,3,496,0,0,0,0,0,0,0.714285714,0.285714286,0,0,0,0,0,0,0,0,0,0,0.714285714,0.285714286,0,0,0,0,0,0.285714286,0.285714286,0,0.285714286,0.142857143,0,0,9.00E+06,106000,568
C2513,754,5,15,0,6,530,0,0,0,0,0,0,1,0,0,0,0,1,0,0,0,0,0,0,0,0,0,0,0,0,0,0,0,0,0,0,1,0,32443000,192250,820
C2514,501,3,10,0,1,405,0,0,0,0,0,0,1,0,0,0,0,1,0,0,0,0,0,0,0,0,0,0,0,0,0,0,0,0,0,0.5,0.5,0,15483500,149870,648
C2515,545,3,17,0,3,624,0,0,0,0,0,0,1,0,0,0,0,1,0,0,0,0,0,0,0,0,0,0,0,0,0,0,0,0.142857143,0.285714286,0.285714286,0.285714286,0,18433000,149760,205
C2518,341,1,11,0,2,240,0,0,0,0,0,0,1,0,0,0,0,1,0,0,0,0,0,0,0,0,0,0,0,0,0,0,0,0,0,0,1,0,21419500,181735,305
C2520,970,7,2,0,2,420,0,0,0,1,0,0,0,0,0,0,0,1,0,0,0,0,0,0,0,0,0,0,0,0,0,0,0,0,1,0,0,0,13155000,177500,386
C2522,747,1,13,0,2,698,0,0,0,0,0,0,1,0,0,0,0,1,0,0,0,0,0,0,0,0,0,0,0,0,0,0,0,0,0.285714286,0.428571429,0.285714286,0,22471000,168520,610
C2526,355,4,16,0,2,291,0,0,0,0,0,0,1,0,0,0,0,1,0,0,0,0,0,0,0,0,0,0,0,0,0,0,0,0,0.4,0,0.6,0,17228000,117330,321
C2527,383,2,8,0,3,317,0,0,0,0,0,0,1,0,0,0,0,1,0,0,0,0,0,0,0,0,0,0,0,0,0,0,0,0,0.2,0.4,0.4,0,34082000,232200,375
C2530,307,1,19,0,5,296,0,0,0,0,0,0,1,0,0,0,0,1,0,0,0,0,0,0,0,0,0,0,0,0,0,0,0,0,0.333333333,0.333333333,0.333333333,0,28491000,222970,302
C2531,540,14,22,0,6,397,0,0,0,0,0,0,0.5,0,0,0,0.5,0,0,0,0,0,0,0,0.5,0,0.5,0,0,0,0,0.166666667,0.5,0,0.166666667,0.166666667,0,0,20874000,141000,358
C2532,239,1,7,0,1,166,0,0,0,0,0,0,1,0,0,0,0,1,0,0,0,0,0,0,0,0,0,0,0,0,0,0,0,0,0,0.333333333,0.666666667,0,14005000,142310,146
C2536,72,13,7,0,1,54,0,0,0,0,0,0,1,0,0,0,0,1,0,0,0,0,0,0,0,0,0,0,0,0,0,0,0,0.666666667,0,0.333333333,0,0,9074000,50400,47
C2538,1473,2,13,0,3,1299,0,0,0,0,0,0,1,0,0,0,0,0.473684211,0,0,0,0,0,0.421052632,0.105263158,0,0,0,0,0,0,0,0.052631579,0.210526316,0.157894737,0.210526316,0.368421053,0,39668000,311110,799
C2539,396,15,8,0,2,237,0,0,0,0,0,0,0.833333333,0.166666667,0,0,0,0.833333333,0,0,0,0.166666667,0,0,0,0,0,0,0,0,0,0,0.5,0,0.333333333,0.166666667,0,0,7645000,123110,228
C2549,202,14,17,0,2,141,0,0,0,0,0,0,0,0,0,0,1,0,0,0,0,0,0,0,0,0,1,0,0,0,0,0.2,0.4,0,0.4,0,0,0,25200000,107100,165
C2556,303,11,21,0,2,249,0,0,0,0,0,0,1,0,0,0,0,0,0,0,0,0,0,0,1,0,0,0,0,0,0,0,0,0,0.666666667,0.333333333,0,0,7200000,119000,148
C2560,372,1,3,0,1,374,0,0,0,0,0,0,1,0,0,0,0,1,0,0,0,0,0,0,0,0,0,0,0,0,0,0,0,0,0,0,1,0,17387000,222560,481
C2561,456,2,7,1,4,399,0,0,0,0,0,0,1,0,0,0,0,1,0,0,0,0,0,0,0,0,0,0,0,0,0,0,0,0,0.25,0.5,0.25,0,18301000,207140,441
C2563,496,2,9,0,2,425,0,0,0,0,0,0,1,0,0,0,0,1,0,0,0,0,0,0,0,0,0,0,0,0,0,0,0,0,0.5,0.5,0,0,14614500,171570,449
C2565,1006,4,33,0,3,915,0,0,0,0,0,0,1,0,0,0,0,1,0,0,0,0,0,0,0,0,0,0,0,0,0,0,0,0,0.25,0.5,0.25,0,20221000,176230,1090
C2568,412,4,31,0,2,287,0,0,0,0,0,0,0,0,0,0,1,0,0,0,0,0,0,0,0,0,1,0,0,0,0,0.2,0.4,0,0.4,0,0,0,15080000,87960,189
C2570,450,12,14,0,2,318,0,0,0,0,0,0,0,0,0,0,1,0,0,0,0,0,0,0,0,0,0,0,0,0,1,0.375,0.5,0,0.125,0,0,0,15580000,85000,205
C2571,481,3,5,0,1,65,1,0,0,0,0,0,0,0.071428571,0.928571429,0,0,0,0,0.071428571,0.928571429,0,0,0,0,0,0,0,0,0,0,0,0.071428571,0.857142857,0,0,0,0.071428571,20924500,139200,62
C2574,996,5,14,0,6,895,0,0,0,0,0,0,1,0,0,0,0,1,0,0,0,0,0,0,0,0,0,0,0,0,0,0,0,0,0.333333333,0.444444444,0.222222222,0,26217000,142310,826
C2576,405,3,19,0,4,296,0,0,0,0,0,0,1,0,0,0,0,1,0,0,0,0,0,0,0,0,0,0,0,0,0,0,0,0,0,0.5,0.5,0,23844000,198600,73
C2579,1058,2,16,0,4,956,0,0,0,0,0,0,1,0,0,0,0,0,0,0,0,0,0,0,1,0,0,0,0,0,0,0.333333333,0,0,0.166666667,0.166666667,0.333333333,0,39354500,266490,751
C2583,1106,7,21,0,2,752,0,0,0,0,0,0,0.545454545,0.454545455,0,0,0,0.545454545,0,0,0,0,0,0,0,0.454545455,0,0,0,0,0,0.090909091,0.363636364,0,0.363636364,0.181818182,0,0,11397000,193550,982
C2583,1106,7,21,0,2,752,0,0,0,0,0,0,0.545454545,0.454545455,0,0,0,0.545454545,0,0,0,0,0,0,0,0.454545455,0,0,0,0,0,0.090909091,0.363636364,0,0.363636364,0.181818182,0,0,11397000,193550,982
C2586,90,14,7,0,3,66,0,0,0,0,0,0,0,0,0,0,1,0,0,0,0,0,0,0,0,0,1,0,0,0,0,0.2,0.6,0,0.2,0,0,0,2.60E+07,110500,57
C2587,603,4,23,0,3,506,0,0,0,0,0,0,1,0,0,0,0,1,0,0,0,0,0,0,0,0,0,0,0,0,0,0,0,0,0.428571429,0.285714286,0.285714286,0,19897000,135210,589
C2595,867,3,2,0,5,897,0,0,1,0,0,0,0,0,0,0,0,1,0,0,0,0,0,0,0,0,0,0,0,0,0,0,0,0,0,0,0.4,0.6,4.40E+07,550000,1359
C2596,470,2,15,1,7,405,0,0,0,0,0,0,1,0,0,0,0,1,0,0,0,0,0,0,0,0,0,0,0,0,0,0,0,0,0.142857143,0.571428571,0.285714286,0,31958000,217210,480
C2597,1005,8,25,0,2,166,1,0,0,0,0,0,0,0.09375,0.90625,0,0,0,0,0.09375,0.90625,0,0,0,0,0,0,0,0,0,0,0.25,0.53125,0.03125,0,0.0625,0.09375,0.03125,21158500,142070,94
C2601,243,2,7,0,3,214,0,0,0,0,0,0,1,0,0,0,0,1,0,0,0,0,0,0,0,0,0,0,0,0,0,0,0,0,0,0,1,0,41697000,284650,281
C2603,538,16,9,0,2,393,0,0,0,0,0,0,1,0,0,0,0,1,0,0,0,0,0,0,0,0,0,0,0,0,0,0,0,0,0,0.666666667,0.333333333,0,16465000,118980,509
C2605,624,1,6,0,3,535,0,0,0,0,0,0,1,0,0,0,0,1,0,0,0,0,0,0,0,0,0,0,0,0,0,0,0,0,0.333333333,0.666666667,0,0,22581000,263440,572
C2609,556,14,17,0,2,490,0,0,0,0,0,0,1,0,0,0,0,1,0,0,0,0,0,0,0,0,0,0,0,0,0,0.333333333,0,0.333333333,0,0.333333333,0,0,10514000,184250,555
C2612,1684,10,27,0,2,1689,0,0,0,0,0,0,1,0,0,0,0,1,0,0,0,0,0,0,0,0,0,0,0,0,0,0,0.5,0,0.25,0.25,0,0,11300000,175500,1832
C2618,1550,2,40,0,7,1319,0,0,0,0,0,0,0.6,0.4,0,0,0,0,0,0,0,0.4,0,0,0.2,0.4,0,0,0,0,0,0.6,0,0,0.2,0.2,0,0,16243000,77360,783
C2620,1029,12,28,0,6,1061,0,0,1,0,0,0,0,0,0,0,0,1,0,0,0,0,0,0,0,0,0,0,0,0,0,0,0,0,0,0,0.4,0.6,27274000,535000,1709
C2621,1396,7,26,1,4,277,1,0,0,0,0,0,0,0.444444444,0.555555556,0,0,0,0,0.444444444,0.555555556,0,0,0,0,0,0,0,0,0,0,0,0.222222222,0.5,0,0,0.166666667,0.111111111,16275000,113270,133
C2627,580,12,18,0,2,378,0,0,0,0,0,0,0.666666667,0.333333333,0,0,0,0.666666667,0,0,0,0,0,0,0,0.333333333,0,0,0,0,0,0.333333333,0.333333333,0,0.166666667,0.166666667,0,0,7172000,89520,404
C2631,812,3,2,0,3,612,0,0,0,0,0,0,1,0,0,0,0,1,0,0,0,0,0,0,0,0,0,0,0,0,0,0,0,0,0.428571429,0.428571429,0.142857143,0,20525000,102620,638
C2635,330,2,1,0,3,259,0,0,0,0,0,0,1,0,0,0,0,1,0,0,0,0,0,0,0,0,0,0,0,0,0,0,0,0,0,0,1,0,35455000,296720,442
C2644,779,15,7,0,12,190,1,0,0,0.285714286,0,0,0,0.285714286,0.428571429,0,0,0.285714286,0,0.285714286,0.428571429,0,0,0,0,0,0,0,0,0,0,0,0.285714286,0,0.285714286,0.428571429,0,0,11879000,142310,177
C2644,779,15,7,0,12,190,1,0,0,0.285714286,0,0,0,0.285714286,0.428571429,0,0,0.285714286,0,0.285714286,0.428571429,0,0,0,0,0,0,0,0,0,0,0,0.285714286,0,0.285714286,0.428571429,0,0,11879000,142310,177
C2650,875,8,13,0,4,616,0,0,0,0,0,0,1,0,0,0,0,1,0,0,0,0,0,0,0,0,0,0,0,0,0,0,0,0,0.333333333,0.666666667,0,0,14215000,141630,159
C2651,225,2,5,0,2,277,0,0,0,0,0,0,1,0,0,0,0,1,0,0,0,0,0,0,0,0,0,0,0,0,0,0,0,0,0.5,0.5,0,0,20779500,193180,282
C2657,866,2,7,0,4,692,0,0,0,0,0,0,1,0,0,0,0,1,0,0,0,0,0,0,0,0,0,0,0,0,0,0,0,0,0.142857143,0.571428571,0.285714286,0,34082000,232200,782
C2659,504,2,3,1,3,438,0,0,0,0,0,0,0.545454545,0.454545455,0,0,0,0.545454545,0,0,0,0,0,0,0,0.454545455,0,0,0,0,0,0.181818182,0.454545455,0,0.272727273,0.090909091,0,0,15791000,166930,365
C2661,354,14,12,0,6,297,0,0,0,0,0,0,1,0,0,0,0,1,0,0,0,0,0,0,0,0,0,0,0,0,0,0,0.333333333,0,0.333333333,0.333333333,0,0,10215000,186010,330
C2663,772,2,14,0,3,700,0,0,0,0,0,0,1,0,0,0,0,0,0,0,0,0,0,0,1,0,0,0,0,0,0,0,0.166666667,0,0.333333333,0.333333333,0.166666667,0,29621000,276540,652
C2666,1084,8,23,0,1,837,0,0,0,0,0,0,1,0,0,0,0,1,0,0,0,0,0,0,0,0,0,0,0,0,0,0,0,0,0.5,0.5,0,0,18890500,133145,701
C2670,648,13,9,0,2,600,0,0,0,0,0,0,1,0,0,0,0,1,0,0,0,0,0,0,0,0,0,0,0,0,0,0,0,0.2,0.6,0,0.2,0,14863000,111470,435
C2680,758,3,19,0,7,564,0,0,0,0,0,0,1,0,0,0,0,1,0,0,0,0,0,0,0,0,0,0,0,0,0,0,0,0,0.333333333,0.666666667,0,0,25293000,145410,590
C2692,499,4,19,0,2,409,0,0,0,0,0,0,1,0,0,0,0,1,0,0,0,0,0,0,0,0,0,0,0,0,0,0,0,0,0.4,0.4,0.2,0,18173000,132170,437
